FrameNumber,Timestamp,LeftElbowYaw,LeftElbowRoll,RightElbowYaw,RightElbowRoll,LeftShoulderRoll,LeftShoulderPitch,RightShoulderRoll,RightShoulderPitch,LeftWristX,LeftWristY,LeftWristZ,RightWristX,RightWristY,RightWristZ,LeftElbowX,LeftElbowY,LeftElbowZ,RightElbowX,RightElbowY,RightElbowZ,LeftShoulderX,LeftShoulderY,LeftShoulderZ,RightShoulderX,RightShoulderY,RightShoulderZ,LeftWristColorX,LeftWristColorY,RightWristColorX,RightWristColorY,LeftElbowColorX,LeftElbowColorY,RightElbowColorX,RightElbowColorY,LeftShoulderColorX,LeftShoulderColorY,RightShoulderColorX,RightShoulderColorY
1,2024-08-09T17:00:13.6208493+03:30,-16,-13,-56,14,21,-8,-25,95,-0.2988207,0.3145421,1.9443382,0.3616602,-0.272146553,2.6267972,-0.263941467,0.266377419,2.17826,0.277542561,-0.00766237965,2.54671454,-0.171542585,0.234847784,2.41605735,0.167772979,0.228101164,2.52454948,0,0,0,0,0,0,0,0,0,0,0,0
2,2024-08-09T17:00:13.6417889+03:30,-21,-14,-56,14,21,-7,-25,95,-0.298800737,0.314858377,1.94419849,0.362919748,-0.272867054,2.625015,-0.2640753,0.2661446,2.17799878,0.280664057,-0.0131080458,2.5472002,-0.1715547,0.234852076,2.41597748,0.168014437,0.228225142,2.52470827,0,0,0,0,0,0,0,0,0,0,0,0
3,2024-08-09T17:00:13.6743929+03:30,-21,-14,-55,14,21,-7,-25,95,-0.298783839,0.315188617,1.94400966,0.363995969,-0.273412853,2.62349534,-0.264228642,0.2659318,2.177702,0.2833094,-0.01748473,2.5473485,-0.171589345,0.2348675,2.415894,0.168232918,0.228509873,2.5249362,0,0,0,0,0,0,0,0,0,0,0,0
4,2024-08-09T17:00:13.7082619+03:30,-21,-14,-55,14,21,-7,-25,95,-0.298771679,0.315495461,1.94383729,0.36479032,-0.2736889,2.622219,-0.264373332,0.265741676,2.177437,0.285688251,-0.0211297628,2.5469532,-0.171627387,0.234876245,2.415795,0.168408126,0.228735983,2.52491975,0,0,0,0,0,0,0,0,0,0,0,0
5,2024-08-09T17:00:13.7434793+03:30,-22,-14,-55,13,21,-7,-25,95,-0.298763484,0.31572178,1.943949,0.3680893,-0.2722422,2.61631131,-0.264432967,0.265495479,2.177451,0.287623167,-0.0242777988,2.546558,-0.171665743,0.234860078,2.41566348,0.168603346,0.228926241,2.52490449,0,0,0,0,0,0,0,0,0,0,0,0
6,2024-08-09T17:00:13.7760986+03:30,-22,-14,-55,11,21,-7,-25,95,-0.298732936,0.316020668,1.94411647,0.371930927,-0.2701167,2.60925937,-0.264522284,0.265239745,2.1775012,0.2879256,-0.0242719986,2.54533243,-0.171732992,0.234845638,2.41553044,0.168748528,0.229089558,2.52473569,0,0,0,0,0,0,0,0,0,0,0,0
7,2024-08-09T17:00:13.8123379+03:30,-23,-14,-59,11,21,-7,-25,94,-0.29870066,0.316349119,1.944228,0.374992073,-0.266690135,2.60232568,-0.264646262,0.265023142,2.17749453,0.287403554,-0.0228713676,2.543793,-0.171809062,0.234836608,2.41540241,0.168849692,0.2292903,2.524527,0,0,0,0,0,0,0,0,0,0,0,0
8,2024-08-09T17:00:13.8425782+03:30,-23,-14,-60,10,21,-7,-25,94,-0.298675954,0.316696554,1.94430709,0.376431584,-0.264963448,2.59882832,-0.264787525,0.26483655,2.17745018,0.286551833,-0.0209158286,2.54224467,-0.171883,0.234828845,2.41527343,0.168971866,0.2295835,2.52444935,0,0,0,0,0,0,0,0,0,0,0,0
9,2024-08-09T17:00:13.8790950+03:30,-24,-14,-60,10,21,-7,-25,94,-0.298724145,0.31708613,1.94422793,0.377046227,-0.2645075,2.59741688,-0.264936715,0.2647147,2.17724252,0.286800742,-0.020598691,2.54090977,-0.171973437,0.234875381,2.41516566,0.169103339,0.229903132,2.5244472,0,0,0,0,0,0,0,0,0,0,0,0
10,2024-08-09T17:00:13.9107768+03:30,-24,-14,-60,9,21,-7,-25,94,-0.298822939,0.31750825,1.9440223,0.378888458,-0.264127165,2.59399486,-0.265090942,0.2646431,2.176908,0.2875625,-0.0212410744,2.53986883,-0.172068357,0.234947622,2.415072,0.169236779,0.230186775,2.52446175,0,0,0,0,0,0,0,0,0,0,0,0
11,2024-08-09T17:00:13.9478767+03:30,-25,-14,-64,9,21,-7,-25,93,-0.2989503,0.317944676,1.94375682,0.380978137,-0.2620316,2.58839083,-0.265245378,0.264599264,2.17651176,0.287756562,-0.0211894829,2.538892,-0.172158986,0.235029355,2.41498375,0.169361517,0.230441079,2.52448034,0,0,0,0,0,0,0,0,0,0,0,0
12,2024-08-09T17:00:13.9790171+03:30,-25,-14,-63,8,21,-7,-25,93,-0.299084336,0.318359524,1.94346046,0.383846253,-0.261436075,2.58150387,-0.265401781,0.264589757,2.176102,0.288267761,-0.0219308827,2.538221,-0.172243312,0.2351122,2.414896,0.169475719,0.230681688,2.52449179,0,0,0,0,0,0,0,0,0,0,0,0
13,2024-08-09T17:00:14.0153747+03:30,-25,-14,-62,6,21,-7,-25,93,-0.2992194,0.31862855,1.94311023,0.386699975,-0.2610467,2.57419014,-0.26555416,0.264562219,2.17566919,0.2880858,-0.0214524847,2.53750086,-0.172319412,0.235192969,2.4148078,0.169478312,0.2308146,2.524151,0,0,0,0,0,0,0,0,0,0,0,0
14,2024-08-09T17:00:14.0464150+03:30,-25,-14,-62,5,21,-7,-25,93,-0.299340665,0.318741232,1.94270182,0.389064431,-0.260426164,2.56862855,-0.265711129,0.2644807,2.17520952,0.2881849,-0.02191919,2.53726,-0.172388554,0.23526831,2.41471529,0.169447809,0.2308661,2.52365637,0,0,0,0,0,0,0,0,0,0,0,0
15,2024-08-09T17:00:14.0806904+03:30,-25,-14,-62,4,21,-7,-25,93,-0.299505383,0.3186758,1.942257,0.389871061,-0.2603867,2.56644869,-0.265871882,0.264345944,2.1747427,0.288499951,-0.02294909,2.53728056,-0.172454163,0.23533228,2.41460872,0.169415981,0.230877146,2.523125,0,0,0,0,0,0,0,0,0,0,0,0
16,2024-08-09T17:00:14.1116106+03:30,-25,-14,-61,3,21,-7,-25,93,-0.2996961,0.318426043,1.9418304,0.390969038,-0.260160953,2.56330657,-0.266019136,0.264147073,2.17431664,0.28823474,-0.022705134,2.5372014,-0.17251347,0.2353812,2.41448641,0.169387057,0.230867639,2.522602,0,0,0,0,0,0,0,0,0,0,0,0
17,2024-08-09T17:00:14.1441275+03:30,-25,-14,-58,3,21,-7,-25,93,-0.299927026,0.317988247,1.94146681,0.392301232,-0.2602641,2.55981421,-0.2661762,0.263837159,2.17396855,0.28819716,-0.023247702,2.537481,-0.17256847,0.235420883,2.41435742,0.1693627,0.23084709,2.5221014,0,0,0,0,0,0,0,0,0,0,0,0
18,2024-08-09T17:00:14.1755817+03:30,-25,-14,-22,1,21,-7,-25,94,-0.300218,0.317299128,1.94118106,0.393636256,-0.260273039,2.55630279,-0.266318023,0.2634385,2.17372417,0.28831026,-0.0242718682,2.5379858,-0.172618791,0.23545213,2.41421986,0.169345558,0.230824813,2.521639,0,0,0,0,0,0,0,0,0,0,0,0
19,2024-08-09T17:00:14.2100629+03:30,-25,-14,38,1,21,-7,-25,94,-0.300712138,0.315941781,1.94089377,0.394965768,-0.259837,2.55267072,-0.266446531,0.2629889,2.17354965,0.2886025,-0.0255510043,2.538514,-0.172677159,0.235483676,2.414083,0.1693325,0.230809614,2.521213,0,0,0,0,0,0,0,0,0,0,0,0
20,2024-08-09T17:00:14.2441324+03:30,-27,-14,81,1,21,-6,-25,94,-0.301357031,0.31409663,1.94061792,0.3964454,-0.2595919,2.5484848,-0.266564757,0.262497276,2.17342854,0.288298666,-0.0254578851,2.538624,-0.172755,0.23553443,2.41394758,0.169328466,0.23080337,2.52083015,0,0,0,0,0,0,0,0,0,0,0,0
21,2024-08-09T17:00:14.2747445+03:30,-26,-14,89,2,21,-6,-25,94,-0.3021018,0.311908871,1.94034588,0.397556722,-0.2601003,2.54641867,-0.266669661,0.261983633,2.173336,0.288440555,-0.025763955,2.538474,-0.172863588,0.2356189,2.413823,0.169330075,0.230802357,2.52048588,0,0,0,0,0,0,0,0,0,0,0,0
22,2024-08-09T17:00:14.3080690+03:30,-24,-14,90,2,21,-6,-25,94,-0.3029107,0.309327,1.94011545,0.3979582,-0.26067248,2.5461216,-0.266774416,0.261408955,2.17330623,0.288070381,-0.0249657258,2.53834677,-0.1729981,0.235734046,2.41371417,0.169289485,0.230803147,2.520108,0,0,0,0,0,0,0,0,0,0,0,0
23,2024-08-09T17:00:14.3396587+03:30,-23,-13,87,2,21,-6,-25,94,-0.303746969,0.306468934,1.9399544,0.3978898,-0.261280984,2.54700351,-0.266879439,0.2607679,2.1733532,0.287398934,-0.0234799888,2.53823876,-0.173128068,0.23584576,2.413599,0.169186786,0.230775028,2.51964736,0,0,0,0,0,0,0,0,0,0,0,0
24,2024-08-09T17:00:14.3709599+03:30,-21,-13,82,2,21,-6,-25,94,-0.304606318,0.303456068,1.93984139,0.397811174,-0.262355834,2.54829121,-0.266952157,0.259993523,2.173432,0.287210017,-0.0230221283,2.53844476,-0.173252851,0.235943466,2.413473,0.169025183,0.230736941,2.51910758,0,0,0,0,0,0,0,0,0,0,0,0
25,2024-08-09T17:00:14.4087266+03:30,-17,-12,87,3,21,-6,-25,95,-0.305136532,0.299607158,1.93757284,0.3981542,-0.262319356,2.54765248,-0.267005652,0.2591435,2.17352915,0.286985248,-0.02238189,2.53860521,-0.17336911,0.236024171,2.413336,0.168840826,0.230692655,2.51853967,0,0,0,0,0,0,0,0,0,0,0,0
26,2024-08-09T17:00:14.4407184+03:30,-18,-13,81,2,21,-5,-25,95,-0.3055053,0.295467466,1.93395078,0.3977607,-0.263308346,2.54917765,-0.267056137,0.258251131,2.173637,0.28722465,-0.0225147773,2.53871179,-0.17347464,0.236093283,2.41319227,0.168661073,0.230649337,2.51799536,0,0,0,0,0,0,0,0,0,0,0,0
27,2024-08-09T17:00:14.4734660+03:30,-14,-12,68,2,21,-5,-25,95,-0.305829972,0.2912845,1.92949355,0.396640927,-0.264135361,2.551819,-0.26713115,0.257290721,2.17370057,0.287035346,-0.0217211526,2.53864837,-0.173593342,0.236187637,2.41306925,0.168488368,0.230611935,2.517484,0,0,0,0,0,0,0,0,0,0,0,0
28,2024-08-09T17:00:14.5065031+03:30,-10,-12,40,1,21,-5,-25,95,-0.306180984,0.287177354,1.92457879,0.395311177,-0.265458,2.555266,-0.2672317,0.256288,2.17370415,0.2872502,-0.02181948,2.53843331,-0.173711792,0.236284211,2.412949,0.168334469,0.230580717,2.51701951,0,0,0,0,0,0,0,0,0,0,0,0
29,2024-08-09T17:00:14.5438555+03:30,-6,-12,1,2,21,-5,-25,95,-0.306621373,0.283205956,1.919489,0.393434048,-0.2663947,2.55909538,-0.2673511,0.2552562,2.173652,0.286949158,-0.0210854672,2.537827,-0.1738207,0.236374453,2.41282272,0.168197274,0.230554745,2.5165987,0,0,0,0,0,0,0,0,0,0,0,0
30,2024-08-09T17:00:14.5750768+03:30,-7,-12,-13,2,21,-4,-25,95,-0.3071605,0.279315323,1.91439855,0.392728925,-0.2674925,2.56083941,-0.267491132,0.254198462,2.17354226,0.287039876,-0.0212747734,2.53726077,-0.173916191,0.236453757,2.41268444,0.168083161,0.230526417,2.51622033,0,0,0,0,0,0,0,0,0,0,0,0
31,2024-08-09T17:00:14.6086669+03:30,-4,-12,-23,2,21,-4,-25,95,-0.307797939,0.275487751,1.90945971,0.391906738,-0.2689589,2.562831,-0.267674327,0.2530952,2.17341733,0.2874111,-0.022046987,2.53680873,-0.174001753,0.2365187,2.41253471,0.167989343,0.23049742,2.51587772,0,0,0,0,0,0,0,0,0,0,0,0
32,2024-08-09T17:00:14.6446491+03:30,-1,-12,-31,3,21,-4,-25,95,-0.3086255,0.271612525,1.90477479,0.389487773,-0.269537181,2.56537414,-0.26791,0.251909137,2.1732862,0.286717772,-0.0221829768,2.53651118,-0.174077153,0.236574337,2.412378,0.16790165,0.2304576,2.51553345,0,0,0,0,0,0,0,0,0,0,0,0
33,2024-08-09T17:00:14.6753562+03:30,-3,-12,-38,4,21,-3,-25,95,-0.309624016,0.267731547,1.90041792,0.3868135,-0.269610733,2.569051,-0.26818037,0.2506547,2.17317843,0.2857842,-0.02148144,2.53619027,-0.1741263,0.236598969,2.41219735,0.167839453,0.230413556,2.5152204,0,0,0,0,0,0,0,0,0,0,0,0
34,2024-08-09T17:00:14.7127054+03:30,0,-13,-40,4,22,-3,-25,95,-0.310803115,0.263721228,1.896414,0.38532415,-0.269617468,2.570866,-0.268488139,0.2493617,2.17308974,0.285320461,-0.0216756631,2.53631115,-0.1741615,0.2365849,2.411989,0.167715192,0.230289057,2.51475072,0,0,0,0,0,0,0,0,0,0,0,0
35,2024-08-09T17:00:14.7457434+03:30,3,-13,-39,4,22,-3,-25,95,-0.312142849,0.259613931,1.89277279,0.385148644,-0.2688478,2.56988144,-0.268835,0.2480555,2.173026,0.2852802,-0.0224814583,2.536389,-0.174176827,0.236473158,2.4117105,0.1675492,0.230113268,2.514181,0,0,0,0,0,0,0,0,0,0,0,0
36,2024-08-09T17:00:14.7802436+03:30,5,-13,-41,4,22,-3,-25,95,-0.313613385,0.25545302,1.88943493,0.384538084,-0.268282384,2.570016,-0.269230872,0.246738687,2.17293668,0.2845502,-0.022210978,2.536073,-0.174177855,0.236293584,2.41138983,0.167367637,0.229920179,2.51357245,0,0,0,0,0,0,0,0,0,0,0,0
37,2024-08-09T17:00:14.8120656+03:30,4,-13,-43,4,22,-2,-25,95,-0.315200657,0.251257,1.88637137,0.383856982,-0.268045455,2.57047415,-0.2696684,0.245417535,2.17279983,0.283437431,-0.0212964155,2.53574419,-0.174172387,0.236068279,2.41104817,0.167196959,0.229734465,2.51299429,0,0,0,0,0,0,0,0,0,0,0,0
38,2024-08-09T17:00:14.8470077+03:30,6,-13,-44,4,22,-2,-25,95,-0.316855252,0.247069046,1.88372135,0.382217467,-0.267947257,2.57105923,-0.2701434,0.244020164,2.172786,0.281773835,-0.0203909855,2.53551364,-0.174148008,0.235790759,2.410682,0.167077437,0.229584813,2.51251268,0,0,0,0,0,0,0,0,0,0,0,0
39,2024-08-09T17:00:14.8791262+03:30,9,-13,-54,4,22,-2,-24,95,-0.318616718,0.242853954,1.88141775,0.379978478,-0.267989576,2.57166386,-0.270649374,0.242566854,2.17282629,0.279764742,-0.019512184,2.535326,-0.174110338,0.23547475,2.41030455,0.166994885,0.229466259,2.51210761,0,0,0,0,0,0,0,0,0,0,0,0
40,2024-08-09T17:00:14.9155587+03:30,7,-13,-55,4,22,-1,-24,95,-0.3204722,0.238580316,1.87952352,0.377839684,-0.268128574,2.572969,-0.2711912,0.24106425,2.17299819,0.2779353,-0.0182377882,2.53503752,-0.174068645,0.235120147,2.40992165,0.166932836,0.229339048,2.51173782,0,0,0,0,0,0,0,0,0,0,0,0
41,2024-08-09T17:00:14.9479119+03:30,9,-12,-54,4,22,-1,-24,95,-0.3223878,0.2342105,1.87798166,0.37728703,-0.2681985,2.571896,-0.2717384,0.239517331,2.17325544,0.276338667,-0.0168580264,2.53464413,-0.174026251,0.234747812,2.40954518,0.16684626,0.22920388,2.51133919,0,0,0,0,0,0,0,0,0,0,0,0
42,2024-08-09T17:00:14.9806451+03:30,11,-13,-55,4,23,-1,-24,95,-0.324302942,0.2296947,1.8767221,0.376371562,-0.268351585,2.5725832,-0.272281766,0.237930447,2.173547,0.2750067,-0.0154718645,2.53425145,-0.173983365,0.2343583,2.40917969,0.16674678,0.2290581,2.51093125,0,0,0,0,0,0,0,0,0,0,0,0
43,2024-08-09T17:00:15.0125152+03:30,14,-13,-57,4,23,-1,-24,95,-0.32617408,0.225036174,1.87570488,0.3752828,-0.268551916,2.57429957,-0.2728208,0.236331835,2.17385268,0.273883671,-0.014100899,2.53383231,-0.173950717,0.233960629,2.40883231,0.16664727,0.228917047,2.510543,0,0,0,0,0,0,0,0,0,0,0,0
44,2024-08-09T17:00:15.0425333+03:30,12,-13,-50,4,23,0,-24,96,-0.327971756,0.220274583,1.874911,0.3747753,-0.268940181,2.575139,-0.273361653,0.23469609,2.17418623,0.2729381,-0.0127718253,2.5334034,-0.173940763,0.233560875,2.408501,0.166536286,0.22874257,2.51013947,0,0,0,0,0,0,0,0,0,0,0,0
45,2024-08-09T17:00:15.0802063+03:30,15,-13,-52,4,23,0,-24,96,-0.329685479,0.215452433,1.8743161,0.3742391,-0.2692626,2.57668781,-0.273896456,0.233060166,2.17453766,0.272135049,-0.0115047712,2.53297853,-0.1739528,0.2331613,2.40818954,0.166430011,0.228587285,2.50978112,0,0,0,0,0,0,0,0,0,0,0,0
46,2024-08-09T17:00:15.1115713+03:30,17,-13,-52,4,23,0,-24,96,-0.331285536,0.210490465,1.87382233,0.374392778,-0.269675136,2.57699752,-0.2744066,0.230955571,2.17489958,0.272202373,-0.0114887515,2.53319669,-0.173983067,0.2327617,2.40789652,0.166302189,0.2284076,2.50939178,0,0,0,0,0,0,0,0,0,0,0,0
47,2024-08-09T17:00:15.1434895+03:30,15,-13,-50,4,23,1,-24,96,-0.332738757,0.20530504,1.87348139,0.375468135,-0.269740671,2.57529259,-0.274870247,0.2285272,2.175304,0.2728558,-0.0123169869,2.53379941,-0.174031451,0.232353687,2.40762353,0.166187674,0.228226587,2.50903916,0,0,0,0,0,0,0,0,0,0,0,0
48,2024-08-09T17:00:15.1743558+03:30,17,-14,-46,4,24,1,-24,96,-0.3340086,0.199990436,1.87326634,0.376827985,-0.2713818,2.57408071,-0.2752942,0.225923076,2.17573738,0.273869365,-0.0137048606,2.53448033,-0.174096644,0.231948331,2.40738034,0.166105166,0.22809644,2.50878835,0,0,0,0,0,0,0,0,0,0,0,0
49,2024-08-09T17:00:15.2088622+03:30,15,-13,-45,4,24,2,-24,96,-0.335077971,0.19453989,1.87314761,0.3772306,-0.272657275,2.57456923,-0.275693119,0.223162055,2.17618036,0.274514139,-0.014273637,2.534979,-0.174177811,0.231543466,2.40716481,0.166046023,0.228004247,2.50861025,0,0,0,0,0,0,0,0,0,0,0,0
50,2024-08-09T17:00:15.2436194+03:30,13,-13,-45,4,24,3,-24,96,-0.335971057,0.189035073,1.87314594,0.377003431,-0.2736887,2.57617188,-0.276088774,0.220358834,2.17665339,0.274951547,-0.014270802,2.53545618,-0.174277261,0.231128976,2.406976,0.166003376,0.227941766,2.508485,0,0,0,0,0,0,0,0,0,0,0,0
51,2024-08-09T17:00:15.2768844+03:30,15,-13,-32,3,24,3,-24,97,-0.3366904,0.183469743,1.87325025,0.3770785,-0.274665,2.577106,-0.2764828,0.217549,2.17714763,0.275933683,-0.0149532938,2.536097,-0.17438747,0.230710045,2.40681052,0.1659758,0.227899045,2.50839853,0,0,0,0,0,0,0,0,0,0,0,0
52,2024-08-09T17:00:15.3086116+03:30,13,-13,-31,4,24,4,-24,97,-0.3372204,0.17783761,1.873469,0.377206951,-0.275084138,2.57781672,-0.276930183,0.214719236,2.17769527,0.277240455,-0.0161058977,2.53682351,-0.174511015,0.230289623,2.40666986,0.165932328,0.2278146,2.50827742,0,0,0,0,0,0,0,0,0,0,0,0
53,2024-08-09T17:00:15.3405017+03:30,15,-13,-24,5,24,4,-25,97,-0.3374871,0.172059134,1.87378943,0.377347857,-0.275530964,2.578728,-0.277393073,0.211940676,2.178255,0.278734952,-0.0175434146,2.537593,-0.1746449,0.229874447,2.40654755,0.165904626,0.22772561,2.50820112,0,0,0,0,0,0,0,0,0,0,0,0
54,2024-08-09T17:00:15.3723367+03:30,13,-13,-24,5,24,5,-25,97,-0.337553322,0.1662436,1.87419426,0.377288461,-0.277280629,2.58029771,-0.2778962,0.209220186,2.17883468,0.280264765,-0.01915131,2.538405,-0.174790055,0.229468182,2.406439,0.165898532,0.227644026,2.50817013,0,0,0,0,0,0,0,0,0,0,0,0
55,2024-08-09T17:00:15.4082761+03:30,11,-13,-26,6,24,6,-25,97,-0.337507844,0.160253644,1.87474024,0.376548082,-0.2777088,2.5827868,-0.278445244,0.20649676,2.1794548,0.2817825,-0.0208299663,2.53920245,-0.174956009,0.229079112,2.40634871,0.16589427,0.227561384,2.5081408,0,0,0,0,0,0,0,0,0,0,0,0
56,2024-08-09T17:00:15.4436754+03:30,13,-15,-29,6,25,6,-25,97,-0.3373889,0.154012054,1.87546432,0.375385046,-0.277276427,2.5858283,-0.279058784,0.20370084,2.18014479,0.283260047,-0.02250344,2.54003334,-0.175141335,0.22870943,2.4062717,0.165899679,0.2274764,2.50811958,0,0,0,0,0,0,0,0,0,0,0,0
57,2024-08-09T17:00:15.4755284+03:30,12,-15,-28,6,25,7,-25,97,-0.337104976,0.1474021,1.87638712,0.3754071,-0.276091158,2.58572817,-0.2797143,0.200893924,2.18086672,0.284665346,-0.0241515618,2.54084373,-0.175345942,0.228347689,2.4062,0.165878966,0.227347612,2.50803828,0,0,0,0,0,0,0,0,0,0,0,0
58,2024-08-09T17:00:15.5083178+03:30,10,-15,-19,6,25,8,-25,98,-0.3367361,0.140458658,1.87747109,0.3755316,-0.275575727,2.58594632,-0.280364424,0.198031947,2.18158484,0.2859928,-0.0257497728,2.541621,-0.175579354,0.227982566,2.406118,0.165865153,0.227204561,2.507965,0,0,0,0,0,0,0,0,0,0,0,0
59,2024-08-09T17:00:15.5434485+03:30,13,-15,-19,6,25,8,-25,98,-0.336345822,0.13313143,1.87874639,0.375733167,-0.2756579,2.58646536,-0.280998945,0.194957286,2.18235469,0.287227571,-0.0272723213,2.542403,-0.175834864,0.227617308,2.40602088,0.165864989,0.227056861,2.50790977,0,0,0,0,0,0,0,0,0,0,0,0
60,2024-08-09T17:00:15.5765705+03:30,12,-15,-19,6,25,9,-25,98,-0.336082846,0.125551462,1.88014042,0.3758923,-0.277218163,2.58738685,-0.281553417,0.191497847,2.18318987,0.288379967,-0.028707426,2.54314685,-0.176126257,0.227235392,2.40589213,0.165886879,0.226924658,2.507903,0,0,0,0,0,0,0,0,0,0,0,0
61,2024-08-09T17:00:15.6107173+03:30,11,-15,-18,6,25,10,-25,98,-0.3359123,0.117616795,1.88170838,0.37618047,-0.279746562,2.58807087,-0.2820412,0.187699988,2.18409157,0.2894457,-0.03005345,2.543806,-0.176448226,0.226831064,2.40572739,0.165928215,0.226818413,2.50794339,0,0,0,0,0,0,0,0,0,0,0,0
62,2024-08-09T17:00:15.6423731+03:30,11,-15,-14,8,25,11,-26,98,-0.3357148,0.1094883,1.88432169,0.376785964,-0.282821149,2.588365,-0.2824911,0.183597326,2.18508339,0.29043746,-0.0312911868,2.54436755,-0.176799536,0.2264068,2.405529,0.1659824,0.226755276,2.50804067,0,0,0,0,0,0,0,0,0,0,0,0
63,2024-08-09T17:00:15.6788360+03:30,10,-16,-14,8,25,12,-26,98,-0.3356896,0.101157695,1.88689637,0.3769912,-0.285195,2.5894165,-0.2829156,0.179329127,2.18614149,0.291347444,-0.0324354321,2.5448668,-0.17716831,0.225973174,2.40531015,0.166057527,0.226725385,2.5081985,0,0,0,0,0,0,0,0,0,0,0,0
64,2024-08-09T17:00:15.7104060+03:30,9,-16,-12,8,25,13,-26,98,-0.335654855,0.09351385,1.8911283,0.378017783,-0.286281168,2.58822846,-0.283358455,0.175045192,2.18723178,0.292199045,-0.03346496,2.54537916,-0.177555278,0.225533336,2.405079,0.166144878,0.226717472,2.50839067,0,0,0,0,0,0,0,0,0,0,0,0
65,2024-08-09T17:00:15.7468218+03:30,8,-15,-9,8,25,14,-26,98,-0.3358157,0.08557168,1.89494276,0.378878683,-0.2873159,2.58705139,-0.283818483,0.170840591,2.18831515,0.2929642,-0.034396302,2.54592347,-0.177954048,0.225087613,2.40483832,0.16623807,0.2267266,2.50860524,0,0,0,0,0,0,0,0,0,0,0,0
66,2024-08-09T17:00:15.7793531+03:30,8,-15,-4,7,25,15,-26,98,-0.335966557,0.07772865,1.89913976,0.380212724,-0.28698957,2.58429718,-0.284259945,0.166663334,2.189405,0.293660372,-0.0352384,2.546462,-0.178358033,0.224630848,2.40458775,0.166335523,0.226751879,2.50883842,0,0,0,0,0,0,0,0,0,0,0,0
67,2024-08-09T17:00:15.8162366+03:30,7,-15,2,7,25,16,-26,98,-0.336123943,0.07014829,1.90361369,0.3816679,-0.2865734,2.58141851,-0.284683019,0.1623936,2.19058347,0.294199169,-0.03605474,2.54707527,-0.1787693,0.224161476,2.40433168,0.166364759,0.226679608,2.50891638,0,0,0,0,0,0,0,0,0,0,0,0
68,2024-08-09T17:00:15.8477099+03:30,6,-15,5,7,25,17,-26,98,-0.3362271,0.06303078,1.90921235,0.3826083,-0.287499368,2.58029628,-0.2851003,0.158093229,2.19184136,0.294561446,-0.0368115157,2.54777145,-0.179191932,0.223693117,2.40407944,0.166335285,0.226570085,2.50886941,0,0,0,0,0,0,0,0,0,0,0,0
69,2024-08-09T17:00:15.8794841+03:30,5,-16,16,7,26,18,-26,99,-0.336316019,0.0563832149,1.91542,0.3834836,-0.288480878,2.579423,-0.285522163,0.1538538,2.19313574,0.294839948,-0.03746912,2.54857039,-0.179619387,0.223228589,2.40383244,0.166278228,0.226450756,2.50875926,0,0,0,0,0,0,0,0,0,0,0,0
70,2024-08-09T17:00:15.9125666+03:30,4,-16,21,7,26,19,-26,99,-0.336440951,0.05019413,1.92188919,0.384899884,-0.288386136,2.57726526,-0.285933375,0.1496524,2.19448066,0.2950875,-0.0380459726,2.54941,-0.180055365,0.222770855,2.40359569,0.166231811,0.22634244,2.50866222,0,0,0,0,0,0,0,0,0,0,0,0
71,2024-08-09T17:00:15.9426725+03:30,3,-16,30,7,26,20,-26,99,-0.3366406,0.0443971753,1.92844641,0.386623085,-0.2873614,2.573991,-0.286398321,0.145550922,2.195889,0.295258522,-0.0385351628,2.55040479,-0.180497617,0.222325072,2.40337729,0.1662016,0.226253718,2.508597,0,0,0,0,0,0,0,0,0,0,0,0
72,2024-08-09T17:00:15.9796952+03:30,1,-16,39,7,26,21,-26,99,-0.336930871,0.0389613844,1.93493545,0.388495535,-0.2856083,2.56986427,-0.286893666,0.141600847,2.19731855,0.2955701,-0.03898945,2.55097961,-0.18094185,0.22189419,2.40318131,0.16618593,0.226187035,2.508571,0,0,0,0,0,0,0,0,0,0,0,0
73,2024-08-09T17:00:16.0100724+03:30,0,-16,48,7,26,22,-26,99,-0.337354571,0.0336284265,1.94140267,0.390482873,-0.283513278,2.56523275,-0.287397385,0.137838468,2.19872546,0.295969844,-0.03939177,2.55131674,-0.181389138,0.221479073,2.403007,0.166185692,0.226145849,2.508586,0,0,0,0,0,0,0,0,0,0,0,0
74,2024-08-09T17:00:16.0423873+03:30,-1,-16,57,8,26,23,-26,99,-0.337788641,0.02799032,1.94748783,0.392738551,-0.281811982,2.56001353,-0.287868977,0.134248421,2.200095,0.296399355,-0.0397461951,2.55155015,-0.181834474,0.221080869,2.40285468,0.166203946,0.226130173,2.508647,0,0,0,0,0,0,0,0,0,0,0,0
75,2024-08-09T17:00:16.0743165+03:30,-1,-16,63,8,26,24,-26,99,-0.338186026,0.022108756,1.953088,0.394508421,-0.2809563,2.55635881,-0.288317651,0.1307999,2.20144939,0.296859562,-0.040106982,2.551481,-0.182267159,0.220690563,2.4027195,0.166242748,0.2261348,2.50876284,0,0,0,0,0,0,0,0,0,0,0,0
76,2024-08-09T17:00:16.1112467+03:30,-2,-15,68,9,26,25,-26,99,-0.3385564,0.0161298066,1.95830786,0.3962755,-0.2793696,2.55277348,-0.2887231,0.127480477,2.20278573,0.297286719,-0.0404921658,2.55121064,-0.182680652,0.220310479,2.4026,0.166308179,0.226156682,2.508933,0,0,0,0,0,0,0,0,0,0,0,0
77,2024-08-09T17:00:16.1439380+03:30,-2,-15,67,8,26,26,-26,99,-0.338925451,0.0101989936,1.96334374,0.395534039,-0.276763827,2.55357575,-0.289069951,0.12424925,2.20413828,0.297701627,-0.0408694632,2.5507853,-0.183083057,0.219951108,2.402509,0.166396365,0.226205841,2.50914669,0,0,0,0,0,0,0,0,0,0,0,0
78,2024-08-09T17:00:16.1748843+03:30,-3,-15,67,8,26,27,-26,99,-0.339560956,0.00446093827,1.96879256,0.3952075,-0.275104344,2.553932,-0.289379179,0.121102929,2.205507,0.2983164,-0.04090791,2.55107021,-0.183475435,0.219601363,2.4024384,0.166496053,0.226271123,2.50938225,0,0,0,0,0,0,0,0,0,0,0,0
79,2024-08-09T17:00:16.2090029+03:30,1,-15,69,9,26,27,-26,99,-0.340148062,-0.0019563653,1.973517,0.395667762,-0.273693323,2.55242944,-0.289664626,0.117981762,2.20688462,0.2985884,-0.04096568,2.55177736,-0.183854416,0.21925889,2.402382,0.166598737,0.226346612,2.50962615,0,0,0,0,0,0,0,0,0,0,0,0
80,2024-08-09T17:00:16.2398782+03:30,1,-15,69,9,26,28,-26,99,-0.3406952,-0.008723606,1.97766173,0.395087332,-0.272125483,2.55320334,-0.289924145,0.114785239,2.20832,0.298724085,-0.0410446264,2.55247259,-0.184225708,0.218928546,2.40233874,0.166699558,0.226459667,2.50990462,0,0,0,0,0,0,0,0,0,0,0,0
81,2024-08-09T17:00:16.2764990+03:30,0,-15,66,8,26,29,-26,99,-0.3411787,-0.01567599,1.98147678,0.393018037,-0.270124078,2.55661821,-0.289959669,0.11111021,2.20996642,0.298776865,-0.0411322974,2.55311751,-0.184585676,0.21861355,2.402307,0.16680418,0.226615787,2.510243,0,0,0,0,0,0,0,0,0,0,0,0
82,2024-08-09T17:00:16.3064857+03:30,0,-14,59,8,25,30,-26,99,-0.341465384,-0.02375877,1.98476875,0.3900314,-0.267886579,2.561689,-0.289885849,0.107236646,2.21171522,0.2988196,-0.0412387,2.55367422,-0.184935123,0.21831356,2.40228462,0.166812211,0.226673529,2.51042318,0,0,0,0,0,0,0,0,0,0,0,0
83,2024-08-09T17:00:16.3436342+03:30,0,-14,56,7,25,31,-26,99,-0.341611773,-0.0323925875,1.9877243,0.388657451,-0.2658788,2.56361485,-0.289858,0.103391089,2.21351767,0.298904926,-0.0413439125,2.55409741,-0.185284674,0.218015209,2.40226126,0.1667655,0.226679042,2.51051736,0,0,0,0,0,0,0,0,0,0,0,0
84,2024-08-09T17:00:16.3774621+03:30,0,-14,57,7,25,32,-26,99,-0.341688722,-0.04129049,1.99046826,0.388382673,-0.2641409,2.5634532,-0.2898636,0.09963892,2.21534824,0.299015015,-0.04143969,2.55441236,-0.185638681,0.217708334,2.40222955,0.166686445,0.22666651,2.5105722,0,0,0,0,0,0,0,0,0,0,0,0
85,2024-08-09T17:00:16.4125512+03:30,0,-14,60,8,25,33,-26,99,-0.341728479,-0.0503158048,1.99313033,0.3887146,-0.262425959,2.56236744,-0.289822161,0.09563769,2.21720457,0.299130321,-0.0415034927,2.55464077,-0.186001718,0.217399642,2.4021914,0.166591436,0.2266819,2.51062441,0,0,0,0,0,0,0,0,0,0,0,0
86,2024-08-09T17:00:16.4444558+03:30,0,-14,65,8,25,34,-26,99,-0.341728538,-0.0594440028,1.995711,0.3897915,-0.2604857,2.56015944,-0.28972736,0.09150023,2.21908474,0.29924497,-0.0415435173,2.55480433,-0.1863755,0.217090011,2.4021492,0.166481346,0.22671102,2.5106554,0,0,0,0,0,0,0,0,0,0,0,0
87,2024-08-09T17:00:16.4791864+03:30,-4,-14,67,8,25,36,-26,99,-0.341848284,-0.06731251,1.99940872,0.3903293,-0.259799,2.55915,-0.289566457,0.08734666,2.22096539,0.2993188,-0.0415417366,2.55505776,-0.1867588,0.216743052,2.40207672,0.1663565,0.2267521,2.510665,0,0,0,0,0,0,0,0,0,0,0,0
88,2024-08-09T17:00:16.5133808+03:30,-5,-14,68,8,25,37,-26,99,-0.341983169,-0.07557162,2.00283575,0.390832871,-0.259659559,2.558384,-0.2894966,0.08273802,2.2226634,0.2993452,-0.04151277,2.55534339,-0.187148631,0.216339648,2.4019568,0.1662052,0.226799622,2.51063085,0,0,0,0,0,0,0,0,0,0,0,0
89,2024-08-09T17:00:16.5476304+03:30,-6,-13,72,9,24,38,-26,100,-0.3421305,-0.0838821754,2.006011,0.39126417,-0.2594337,2.55758333,-0.289450377,0.07811863,2.22446513,0.29934293,-0.0414566174,2.55564046,-0.187544033,0.215895385,2.40180087,0.166032657,0.226861835,2.5105834,0,0,0,0,0,0,0,0,0,0,0,0
90,2024-08-09T17:00:16.5790090+03:30,-7,-13,75,10,24,39,-26,100,-0.3422779,-0.0920359045,2.00895882,0.3922102,-0.258593231,2.55567431,-0.2893933,0.07361909,2.22633362,0.299340785,-0.0414060354,2.55588913,-0.1879453,0.215410352,2.40161037,0.165785968,0.226855829,2.51043081,0,0,0,0,0,0,0,0,0,0,0,0
91,2024-08-09T17:00:16.6107269+03:30,-9,-13,78,10,24,40,-26,100,-0.342410982,-0.0999069,2.01171231,0.393541932,-0.257331669,2.55308938,-0.28934437,0.06919364,2.22816753,0.299325943,-0.0413782038,2.5561285,-0.188342318,0.21491152,2.40140224,0.165538356,0.226841748,2.51032782,0,0,0,0,0,0,0,0,0,0,0,0
92,2024-08-09T17:00:16.6453693+03:30,-10,-13,82,11,24,41,-26,100,-0.342536569,-0.107481219,2.01429033,0.3950354,-0.256705046,2.549912,-0.289303541,0.0647285357,2.2298584,0.2993013,-0.0413447469,2.55638075,-0.188734859,0.21441476,2.40118933,0.1652857,0.226834,2.51025248,0,0,0,0,0,0,0,0,0,0,0,0
93,2024-08-09T17:00:16.6764822+03:30,-12,-13,85,12,24,42,-26,100,-0.342647225,-0.114701882,2.0167253,0.3964896,-0.255662173,2.5466,-0.2892633,0.06029896,2.2314136,0.298790872,-0.0403164364,2.55692148,-0.189112008,0.213930473,2.40097785,0.16504021,0.226831734,2.51020265,0,0,0,0,0,0,0,0,0,0,0,0
94,2024-08-09T17:00:16.7124370+03:30,-15,-12,87,12,23,43,-26,100,-0.34265396,-0.120812029,2.0202775,0.397729516,-0.2544561,2.54351687,-0.289230883,0.0559610948,2.232829,0.298433244,-0.03961089,2.55755639,-0.189479,0.2134518,2.400766,0.164722115,0.226734385,2.510017,0,0,0,0,0,0,0,0,0,0,0,0
95,2024-08-09T17:00:16.7446012+03:30,-17,-13,88,13,23,44,-26,100,-0.34265402,-0.127649158,2.02310634,0.398365974,-0.25479272,2.54234076,-0.289189667,0.05177089,2.23412251,0.298202485,-0.03910855,2.55821085,-0.1898401,0.212980136,2.40055752,0.164370358,0.226632372,2.509809,0,0,0,0,0,0,0,0,0,0,0,0
96,2024-08-09T17:00:16.7778199+03:30,-18,-13,88,13,23,45,-26,100,-0.3426269,-0.13486442,2.02537346,0.3985873,-0.2560813,2.54253054,-0.289128035,0.04770978,2.23530126,0.298077524,-0.03879909,2.55868626,-0.190189943,0.212515891,2.40035,0.164024532,0.226560831,2.509654,0,0,0,0,0,0,0,0,0,0,0,0
97,2024-08-09T17:00:16.8073068+03:30,-20,-13,87,14,23,46,-26,101,-0.342573076,-0.142160669,2.02721477,0.398680866,-0.257820576,2.543152,-0.2890504,0.0438269861,2.23637748,0.2980392,-0.0386353843,2.55906343,-0.190533787,0.212048739,2.40014029,0.1636713,0.22645922,2.50947571,0,0,0,0,0,0,0,0,0,0,0,0
98,2024-08-09T17:00:16.8399945+03:30,-21,-13,82,14,23,47,-27,101,-0.342510849,-0.149341047,2.02872324,0.398582071,-0.259813368,2.54435778,-0.2889547,0.0401267,2.23737431,0.2980556,-0.0385634154,2.55937338,-0.190868,0.211589575,2.39993382,0.163350031,0.226395711,2.50938463,0,0,0,0,0,0,0,0,0,0,0,0
99,2024-08-09T17:00:16.8755790+03:30,-20,-12,81,13,22,47,-27,101,-0.342445672,-0.156303182,2.02997065,0.398487538,-0.261719555,2.5454886,-0.288846523,0.0366077721,2.23828459,0.298100054,-0.03854757,2.55965376,-0.191209644,0.21114473,2.3997407,0.1630633,0.22637786,2.50938344,0,0,0,0,0,0,0,0,0,0,0,0
100,2024-08-09T17:00:16.9106745+03:30,-22,-12,80,13,22,48,-27,101,-0.3423584,-0.1621055,2.031671,0.398083448,-0.263545364,2.547124,-0.288723916,0.03323875,2.239123,0.298155874,-0.03858502,2.55991673,-0.191556454,0.210714981,2.39955878,0.162825659,0.226397648,2.50947356,0,0,0,0,0,0,0,0,0,0,0,0
101,2024-08-09T17:00:16.9436635+03:30,-21,-12,79,13,22,48,-27,101,-0.342261374,-0.166985944,2.03363442,0.397781938,-0.264342278,2.54801583,-0.288594663,0.0300513487,2.23989463,0.2981946,-0.0386620946,2.560167,-0.191917151,0.210280269,2.39937615,0.162622333,0.226451918,2.50963521,0,0,0,0,0,0,0,0,0,0,0,0
102,2024-08-09T17:00:16.9759103+03:30,-24,-12,79,13,22,49,-27,101,-0.3421509,-0.171123788,2.035735,0.397876024,-0.264182985,2.54772139,-0.288492,0.0269933455,2.24058247,0.298197836,-0.0387506038,2.5603385,-0.192280486,0.209851414,2.399197,0.162412718,0.226541251,2.50978541,0,0,0,0,0,0,0,0,0,0,0,0
103,2024-08-09T17:00:17.0109883+03:30,-28,-12,80,13,21,50,-27,101,-0.341995418,-0.175489679,2.0374608,0.3982508,-0.263358384,2.54653168,-0.288407326,0.02407051,2.24119,0.298170954,-0.0388348363,2.560415,-0.192650408,0.209427685,2.399017,0.162186176,0.22666499,2.5099082,0,0,0,0,0,0,0,0,0,0,0,0
104,2024-08-09T17:00:17.0438957+03:30,-27,-12,82,14,21,50,-27,101,-0.341802925,-0.1791317,2.039378,0.398688078,-0.261696219,2.544758,-0.288330853,0.0212905966,2.24172831,0.297324181,-0.0381208546,2.559556,-0.193017289,0.209014162,2.398837,0.16191113,0.226761654,2.50991249,0,0,0,0,0,0,0,0,0,0,0,0
105,2024-08-09T17:00:17.0800739+03:30,-30,-12,81,13,21,51,-27,100,-0.341598153,-0.182203308,2.04135942,0.398789644,-0.26134,2.544212,-0.288259655,0.0186763518,2.24220848,0.296818942,-0.0376993753,2.558778,-0.193380892,0.208604813,2.398653,0.161619231,0.226865843,2.50990844,0,0,0,0,0,0,0,0,0,0,0,0
106,2024-08-09T17:00:17.1106661+03:30,-29,-12,83,13,21,51,-27,100,-0.341388851,-0.184814677,2.0433414,0.3989356,-0.260222465,2.54306173,-0.2881894,0.0162292644,2.24264216,0.295863777,-0.0364566967,2.557965,-0.19373931,0.20821,2.398473,0.161251545,0.226955175,2.50975347,0,0,0,0,0,0,0,0,0,0,0,0
107,2024-08-09T17:00:17.1466167+03:30,-28,-12,84,13,21,51,-27,100,-0.341181278,-0.187053472,2.04527569,0.3992137,-0.258868575,2.54151082,-0.288122356,0.0139381764,2.24302387,0.295200229,-0.03567983,2.55739069,-0.19409667,0.207828879,2.39829469,0.160796091,0.227002159,2.50943255,0,0,0,0,0,0,0,0,0,0,0,0
108,2024-08-09T17:00:17.1795794+03:30,-32,-12,86,13,21,52,-27,100,-0.340976626,-0.188979819,2.04714751,0.399435073,-0.256193072,2.54038143,-0.288061261,0.0117901536,2.24335837,0.294038147,-0.03433904,2.55647469,-0.194452614,0.20746398,2.39812136,0.160309076,0.227025241,2.509034,0,0,0,0,0,0,0,0,0,0,0,0
109,2024-08-09T17:00:17.2123086+03:30,-33,-11,88,13,20,52,-27,100,-0.3407831,-0.190616652,2.04895425,0.399893135,-0.253972352,2.53943443,-0.2880061,0.0097754,2.243648,0.2930264,-0.03378761,2.55556655,-0.194803417,0.20711863,2.39795351,0.159813151,0.227016091,2.5085783,0,0,0,0,0,0,0,0,0,0,0,0
110,2024-08-09T17:00:17.2493405+03:30,-33,-11,90,13,20,52,-27,100,-0.340604872,-0.19202143,2.050671,0.400574952,-0.252081037,2.53854823,-0.2879543,0.007842663,2.24389362,0.292256176,-0.0337301865,2.55497646,-0.1951456,0.206791937,2.39779186,0.159429923,0.227006838,2.50831079,0,0,0,0,0,0,0,0,0,0,0,0
111,2024-08-09T17:00:17.2788079+03:30,-37,-11,92,13,20,53,-27,100,-0.3404375,-0.193232149,2.052294,0.4012305,-0.251685619,2.53765488,-0.2879024,0.005988036,2.244094,0.2918281,-0.0340101272,2.55419278,-0.195473373,0.206485838,2.39763761,0.159118444,0.226990283,2.50815535,0,0,0,0,0,0,0,0,0,0,0,0
112,2024-08-09T17:00:17.3108756+03:30,-36,-11,93,13,20,53,-27,100,-0.340342462,-0.1955831,2.05308318,0.4021155,-0.250959963,2.53666878,-0.287852317,0.00422481541,2.24425626,0.291578025,-0.03444621,2.553946,-0.195785969,0.2061968,2.39748979,0.158826232,0.226835638,2.50792384,0,0,0,0,0,0,0,0,0,0,0,0
113,2024-08-09T17:00:17.3438083+03:30,-35,-11,95,13,20,53,-27,100,-0.340301663,-0.198643655,2.05328631,0.4031162,-0.250102043,2.53552222,-0.287793845,0.00253823563,2.24438977,0.291369319,-0.03508018,2.55390263,-0.196083009,0.205924541,2.39734817,0.158572957,0.22660397,2.50769043,0,0,0,0,0,0,0,0,0,0,0,0
114,2024-08-09T17:00:17.3754655+03:30,-34,-11,97,14,20,53,-27,100,-0.3401566,-0.200790912,2.05395532,0.4040142,-0.2492367,2.53441215,-0.287736177,0.000912436459,2.244483,0.2911876,-0.03579491,2.554162,-0.19636555,0.205671221,2.39721227,0.158346787,0.226305947,2.50743651,0,0,0,0,0,0,0,0,0,0,0,0
115,2024-08-09T17:00:17.4103646+03:30,-33,-11,101,14,20,53,-26,100,-0.3400441,-0.20363155,2.05402136,0.405021876,-0.250139266,2.53240252,-0.287677139,-0.0006436796,2.24453926,0.291028529,-0.0365216434,2.55453014,-0.196632773,0.205435261,2.39708042,0.158112571,0.2259912,2.50713921,0,0,0,0,0,0,0,0,0,0,0,0
116,2024-08-09T17:00:17.4443032+03:30,-40,-11,102,15,19,54,-26,100,-0.339955419,-0.206858963,2.05368948,0.4054016,-0.250037074,2.53126144,-0.287612647,-0.00211907574,2.24457288,0.2903106,-0.0360179879,2.55480838,-0.19688651,0.205216512,2.396951,0.157857537,0.2256556,2.50679445,0,0,0,0,0,0,0,0,0,0,0,0
117,2024-08-09T17:00:17.4752688+03:30,-39,-11,102,16,19,54,-26,101,-0.33989808,-0.209948033,2.05335784,0.405577034,-0.24984929,2.53069,-0.287538171,-0.00350700179,2.24458146,0.2897568,-0.03596424,2.55519271,-0.197133109,0.204996541,2.39680648,0.157565176,0.2252783,2.5063715,0,0,0,0,0,0,0,0,0,0,0,0
118,2024-08-09T17:00:17.5095740+03:30,-38,-11,103,16,19,54,-26,101,-0.339852065,-0.2130731,2.05287123,0.4056756,-0.249540314,2.5301106,-0.287453026,-0.00480322167,2.24457431,0.289325029,-0.036214523,2.55563951,-0.197369322,0.20477508,2.39665,0.157255456,0.224879563,2.50590539,0,0,0,0,0,0,0,0,0,0,0,0
119,2024-08-09T17:00:17.5383198+03:30,-37,-11,103,16,19,54,-26,101,-0.339782864,-0.216080531,2.05235028,0.405325,-0.250498474,2.530749,-0.287368864,-0.006038903,2.244532,0.288978517,-0.0366650224,2.55610538,-0.197601855,0.204556823,2.39648581,0.156924814,0.224462271,2.50539136,0,0,0,0,0,0,0,0,0,0,0,0
120,2024-08-09T17:00:17.5764512+03:30,-36,-11,102,16,19,54,-26,101,-0.339615345,-0.217860758,2.05240941,0.404692858,-0.252209872,2.532205,-0.287287563,-0.00720982626,2.24446321,0.288699865,-0.03723608,2.556571,-0.197827265,0.204346091,2.39631748,0.156574413,0.224030524,2.50483513,0,0,0,0,0,0,0,0,0,0,0,0
121,2024-08-09T17:00:17.6075722+03:30,-36,-11,102,16,19,54,-26,101,-0.3393914,-0.2194378,2.05254769,0.404396176,-0.252927184,2.53226662,-0.287212253,-0.008331875,2.244347,0.2884738,-0.0378827825,2.5569582,-0.198053241,0.2041413,2.39614272,0.1561853,0.223576263,2.5042026,0,0,0,0,0,0,0,0,0,0,0,0
122,2024-08-09T17:00:17.6446027+03:30,-40,-11,102,17,19,55,-26,102,-0.339142,-0.220443651,2.05293083,0.40433982,-0.253034,2.53159118,-0.287142217,-0.009393898,2.24420261,0.288300753,-0.0385740958,2.55726433,-0.198273286,0.203936309,2.39595485,0.155777887,0.223104447,2.5035212,0,0,0,0,0,0,0,0,0,0,0,0
123,2024-08-09T17:00:17.6777316+03:30,-39,-11,102,17,19,55,-26,102,-0.33899498,-0.222090781,2.05274582,0.403948784,-0.254087925,2.531957,-0.2870716,-0.0103848539,2.244044,0.2881767,-0.0393529274,2.55724216,-0.198484644,0.203732729,2.39575529,0.155370131,0.222634554,2.50282645,0,0,0,0,0,0,0,0,0,0,0,0
124,2024-08-09T17:00:17.7123222+03:30,-39,-11,102,17,19,55,-26,102,-0.33888486,-0.222773224,2.05303288,0.403606147,-0.254291236,2.53214073,-0.286998421,-0.0113106612,2.2438755,0.287571669,-0.03884533,2.55709219,-0.19866465,0.203537911,2.395539,0.154985726,0.2222024,2.5021565,0,0,0,0,0,0,0,0,0,0,0,0
125,2024-08-09T17:00:17.7440320+03:30,-42,-10,102,17,18,55,-26,102,-0.338782072,-0.223768935,2.05308485,0.403428823,-0.2541714,2.531963,-0.286925673,-0.0121855745,2.24368715,0.2872901,-0.0386861973,2.55704546,-0.1988227,0.203348,2.39530635,0.154633686,0.221799016,2.501525,0,0,0,0,0,0,0,0,0,0,0,0
126,2024-08-09T17:00:17.7787774+03:30,-42,-10,98,16,18,55,-27,102,-0.33868596,-0.2249331,2.05298948,0.402760237,-0.254809767,2.53320885,-0.286853582,-0.0130169969,2.24347043,0.286595553,-0.03756324,2.55678868,-0.198963016,0.203161091,2.39506269,0.154362321,0.2214681,2.50101781,0,0,0,0,0,0,0,0,0,0,0,0
127,2024-08-09T17:00:17.8135469+03:30,-42,-10,97,16,18,55,-27,102,-0.3385766,-0.2254702,2.05321336,0.401887566,-0.25601247,2.535033,-0.286783129,-0.013797584,2.243239,0.285645962,-0.03584176,2.5564,-0.1990894,0.202980027,2.39481735,0.154169932,0.221204177,2.50064254,0,0,0,0,0,0,0,0,0,0,0,0
128,2024-08-09T17:00:17.8475395+03:30,-42,-10,96,15,18,55,-27,102,-0.338518232,-0.226515263,2.0530448,0.4010973,-0.256753117,2.5363965,-0.286713272,-0.0145126637,2.24300647,0.285051823,-0.0350637622,2.55604386,-0.19921279,0.2027836,2.39456,0.15397425,0.220963046,2.50024843,0,0,0,0,0,0,0,0,0,0,0,0
129,2024-08-09T17:00:17.8810547+03:30,-42,-10,96,15,18,55,-27,102,-0.3383602,-0.22665216,2.05341864,0.4006463,-0.2570019,2.53694773,-0.286642581,-0.015171513,2.24276829,0.2847195,-0.0349192433,2.55572844,-0.199332118,0.202582031,2.39429951,0.153779089,0.220741943,2.49984,0,0,0,0,0,0,0,0,0,0,0,0
130,2024-08-09T17:00:17.9122814+03:30,-41,-10,95,15,18,55,-27,102,-0.3382104,-0.227676466,2.05321956,0.400055081,-0.257917672,2.53824544,-0.2865693,-0.0157802831,2.24252534,0.2845707,-0.0351979733,2.55544329,-0.199443936,0.20238395,2.39403462,0.1535879,0.220539734,2.49942756,0,0,0,0,0,0,0,0,0,0,0,0
131,2024-08-09T17:00:17.9447251+03:30,-41,-10,93,14,18,55,-27,102,-0.3380294,-0.227734879,2.05361032,0.398671478,-0.26073,2.54072762,-0.286494851,-0.0163413547,2.24228573,0.28451103,-0.03571674,2.55508447,-0.199544817,0.202201352,2.39377165,0.153412759,0.220458463,2.49907422,0,0,0,0,0,0,0,0,0,0,0,0
132,2024-08-09T17:00:17.9748276+03:30,-41,-10,90,13,18,55,-27,102,-0.337805867,-0.227514356,2.054188,0.39682126,-0.264657,2.543984,-0.286410838,-0.01685476,2.242065,0.2843889,-0.03625691,2.55524421,-0.199633271,0.202039883,2.393516,0.153254017,0.220463187,2.498765,0,0,0,0,0,0,0,0,0,0,0,0
133,2024-08-09T17:00:18.0107530+03:30,-41,-10,92,13,18,55,-26,102,-0.337565,-0.22736451,2.05473447,0.395395815,-0.267241836,2.546507,-0.286322027,-0.017325649,2.241862,0.283783019,-0.035709288,2.55481,-0.199719667,0.201892719,2.393266,0.1531013,0.220491022,2.498445,0,0,0,0,0,0,0,0,0,0,0,0
134,2024-08-09T17:00:18.0433929+03:30,-41,-10,90,12,18,55,-26,102,-0.33731243,-0.227333933,2.05519414,0.394304454,-0.269148022,2.54850745,-0.2862389,-0.01777816,2.24163485,0.283539027,-0.03558211,2.55440354,-0.199817479,0.20175153,2.3930223,0.152916372,0.220534861,2.49805617,0,0,0,0,0,0,0,0,0,0,0,0
135,2024-08-09T17:00:18.0767359+03:30,-41,-10,89,12,18,55,-26,102,-0.33706376,-0.227403089,2.05556822,0.393906564,-0.270200849,2.54887724,-0.286156356,-0.0182138588,2.241398,0.2835284,-0.03573904,2.55412674,-0.199915349,0.201615408,2.39278173,0.152726725,0.2205659,2.49762416,0,0,0,0,0,0,0,0,0,0,0,0
136,2024-08-09T17:00:18.1068771+03:30,-40,-10,85,12,18,55,-27,102,-0.336819023,-0.227543324,2.05587649,0.394021362,-0.270327836,2.5478816,-0.286069632,-0.0186172128,2.24117017,0.283684254,-0.0360513069,2.55391932,-0.200004712,0.20148924,2.39254665,0.152546942,0.2206188,2.49717546,0,0,0,0,0,0,0,0,0,0,0,0
137,2024-08-09T17:00:18.1388097+03:30,-45,-11,84,13,18,56,-27,103,-0.336571455,-0.22731775,2.05634832,0.393553257,-0.27115342,2.54882574,-0.28596893,-0.0189834479,2.24096727,0.283954829,-0.0364664681,2.55375886,-0.200087145,0.201379761,2.3923223,0.152391389,0.220686257,2.49673557,0,0,0,0,0,0,0,0,0,0,0,0
138,2024-08-09T17:00:18.1755532+03:30,-44,-11,83,13,18,56,-27,103,-0.336377323,-0.2279903,2.05618715,0.393017918,-0.272322834,2.55034661,-0.28586033,-0.0193116479,2.24078512,0.284266949,-0.0368824,2.55360413,-0.200165316,0.201282084,2.39210534,0.152280524,0.2208861,2.49640512,0,0,0,0,0,0,0,0,0,0,0,0
139,2024-08-09T17:00:18.2125694+03:30,-44,-11,83,13,18,56,-27,103,-0.336129278,-0.227934733,2.0564034,0.3930025,-0.27229476,2.55051923,-0.285749525,-0.0196048245,2.240623,0.284655154,-0.03728639,2.553441,-0.200235084,0.2011951,2.391894,0.15218997,0.221124321,2.496094,0,0,0,0,0,0,0,0,0,0,0,0
140,2024-08-09T17:00:18.2424557+03:30,-44,-11,81,12,18,56,-27,102,-0.335852653,-0.227384418,2.056881,0.393163949,-0.272598058,2.55049729,-0.28563863,-0.0198767669,2.2404654,0.285100073,-0.0376766846,2.55328727,-0.200296029,0.201113269,2.39168262,0.152152821,0.221403584,2.49585366,0,0,0,0,0,0,0,0,0,0,0,0
141,2024-08-09T17:00:18.2795198+03:30,-44,-11,81,11,18,56,-27,102,-0.335564256,-0.226510018,2.057527,0.393107563,-0.2731095,2.551069,-0.285531253,-0.0201286562,2.24031615,0.284825742,-0.0370169356,2.55275822,-0.200347945,0.201037928,2.39147472,0.152152821,0.221706986,2.49566579,0,0,0,0,0,0,0,0,0,0,0,0
142,2024-08-09T17:00:18.3125109+03:30,-45,-11,80,11,18,56,-27,102,-0.3352632,-0.225598365,2.058193,0.3929571,-0.273720741,2.55204988,-0.28542605,-0.0203610566,2.24017787,0.284112424,-0.0356671028,2.552017,-0.2003868,0.200972155,2.39126873,0.152198017,0.222037777,2.49554634,0,0,0,0,0,0,0,0,0,0,0,0
143,2024-08-09T17:00:18.3435545+03:30,-45,-11,80,11,18,56,-27,102,-0.3349598,-0.2247798,2.05881238,0.3933201,-0.273677945,2.55128837,-0.2852886,-0.02052665,2.240101,0.2837956,-0.0349316448,2.55157828,-0.200405747,0.200918823,2.39106417,0.152272314,0.222390115,2.49546933,0,0,0,0,0,0,0,0,0,0,0,0
144,2024-08-09T17:00:18.3794962+03:30,-45,-11,81,11,18,56,-27,102,-0.3348062,-0.2249312,2.05871439,0.393475562,-0.2730856,2.55072665,-0.2851296,-0.0206193663,2.240079,0.283795267,-0.03464179,2.55138016,-0.200402111,0.200860679,2.39084983,0.1523488,0.222660616,2.49533415,0,0,0,0,0,0,0,0,0,0,0,0
145,2024-08-09T17:00:18.4163759+03:30,-45,-11,81,11,18,56,-27,102,-0.334731221,-0.224599734,2.058857,0.393569648,-0.272594661,2.550376,-0.284960479,-0.02066112,2.240093,0.283545554,-0.03356374,2.55110145,-0.20038709,0.200794384,2.390626,0.152471274,0.2228997,2.49522924,0,0,0,0,0,0,0,0,0,0,0,0
146,2024-08-09T17:00:18.4465149+03:30,-45,-11,82,11,18,56,-27,102,-0.334673464,-0.224300936,2.05897045,0.394121736,-0.27199918,2.54911113,-0.2847894,-0.020668814,2.24013042,0.2836074,-0.0332499333,2.55051732,-0.200353891,0.200730219,2.39039922,0.1526175,0.223077074,2.495101,0,0,0,0,0,0,0,0,0,0,0,0
147,2024-08-09T17:00:18.4798425+03:30,-45,-11,83,11,18,56,-27,102,-0.334631771,-0.224083066,2.059024,0.394320875,-0.269535,2.54757953,-0.284612238,-0.0206512958,2.24018884,0.283058047,-0.0320303962,2.54936838,-0.20030047,0.20066534,2.39016652,0.152868539,0.2232903,2.49514413,0,0,0,0,0,0,0,0,0,0,0,0
148,2024-08-09T17:00:18.5149004+03:30,-50,-10,90,11,17,56,-26,102,-0.3347164,-0.224580854,2.0584712,0.394508272,-0.2656186,2.54540539,-0.284433573,-0.0206180271,2.24025917,0.282108217,-0.0302507542,2.54788232,-0.200223267,0.200616434,2.389939,0.153189585,0.22354652,2.49532151,0,0,0,0,0,0,0,0,0,0,0,0
149,2024-08-09T17:00:18.5477665+03:30,-50,-10,92,11,17,56,-26,101,-0.334756553,-0.2252556,2.05779481,0.394885361,-0.2628627,2.54317451,-0.284255654,-0.02057326,2.24033761,0.281772882,-0.02950831,2.54678,-0.20012185,0.200585186,2.38971686,0.153573066,0.223823041,2.49560523,0,0,0,0,0,0,0,0,0,0,0,0
150,2024-08-09T17:00:18.5816489+03:30,-50,-10,92,11,17,56,-26,101,-0.334763646,-0.2259422,2.057104,0.3952353,-0.262407959,2.54220772,-0.284082741,-0.0205212757,2.240409,0.281850755,-0.0294560883,2.54607153,-0.200005874,0.2005693,2.38950276,0.153955653,0.224050954,2.4958446,0,0,0,0,0,0,0,0,0,0,0,0
151,2024-08-09T17:00:18.6109382+03:30,-46,-11,93,11,18,56,-26,101,-0.334748447,-0.226558924,2.05643535,0.395560533,-0.26234293,2.54145,-0.283914655,-0.0204497743,2.24046946,0.2821862,-0.0298669562,2.54566622,-0.19987765,0.200564057,2.38929081,0.154340565,0.224249,2.49607,0,0,0,0,0,0,0,0,0,0,0,0
152,2024-08-09T17:00:18.6436393+03:30,-46,-11,93,11,18,56,-26,101,-0.334722072,-0.227073446,2.055803,0.396090657,-0.2618578,2.54034376,-0.283746779,-0.0203571375,2.2405107,0.282674879,-0.0305453483,2.54550886,-0.1997417,0.200571686,2.38908553,0.154720634,0.224453762,2.4963007,0,0,0,0,0,0,0,0,0,0,0,0
153,2024-08-09T17:00:18.6790768+03:30,-46,-11,94,11,18,56,-26,101,-0.3347072,-0.227477372,2.055204,0.396427423,-0.2616035,2.539493,-0.283592552,-0.02023867,2.24051857,0.2832465,-0.03138409,2.54551315,-0.199603066,0.20059225,2.38888884,0.155086771,0.224662364,2.49652624,0,0,0,0,0,0,0,0,0,0,0,0
154,2024-08-09T17:00:18.7107882+03:30,-46,-11,94,11,18,56,-26,101,-0.334714741,-0.227362216,2.05474854,0.39686954,-0.261625528,2.538482,-0.283451647,-0.020097442,2.24046421,0.283817947,-0.0323302671,2.5456357,-0.199464113,0.200623691,2.388701,0.155442238,0.224869713,2.49674916,0,0,0,0,0,0,0,0,0,0,0,0
155,2024-08-09T17:00:18.7441391+03:30,-47,-11,94,12,18,56,-26,101,-0.334760338,-0.226824984,2.0544064,0.3969424,-0.26236,2.53851366,-0.283328861,-0.0199238248,2.24032378,0.28439343,-0.0333166532,2.545836,-0.199321032,0.20066084,2.38851738,0.155783415,0.225070626,2.496962,0,0,0,0,0,0,0,0,0,0,0,0
156,2024-08-09T17:00:18.7758848+03:30,-47,-11,94,12,18,56,-26,101,-0.334842056,-0.226056784,2.05411,0.3972775,-0.262386262,2.53766727,-0.283216238,-0.01972841,2.24012232,0.284380764,-0.0332480781,2.5462153,-0.199173912,0.2007043,2.38833785,0.156114668,0.225276291,2.49717116,0,0,0,0,0,0,0,0,0,0,0,0
157,2024-08-09T17:00:18.8114490+03:30,-48,-11,95,12,18,56,-26,101,-0.335081756,-0.2259429,2.05304718,0.3977292,-0.2618488,2.53627944,-0.283111632,-0.0195026,2.23984,0.283943325,-0.03238179,2.5463686,-0.199027359,0.200750992,2.388164,0.156395,0.225389346,2.49722886,0,0,0,0,0,0,0,0,0,0,0,0
158,2024-08-09T17:00:18.8446962+03:30,-48,-11,96,13,18,56,-26,101,-0.3354176,-0.226266414,2.05149412,0.398293376,-0.261081576,2.53458047,-0.283012152,-0.0192523617,2.239505,0.283859342,-0.0322114676,2.54650784,-0.19888331,0.200800359,2.38799572,0.1566501,0.225443408,2.497204,0,0,0,0,0,0,0,0,0,0,0,0
159,2024-08-09T17:00:18.8752440+03:30,-49,-11,96,13,18,56,-26,101,-0.335715443,-0.22635524,2.04996014,0.398566842,-0.259676874,2.53322387,-0.282909036,-0.0189554468,2.239142,0.2833546,-0.0312423166,2.54632282,-0.198743254,0.2008532,2.38783336,0.1568786,0.22549063,2.49712038,0,0,0,0,0,0,0,0,0,0,0,0
160,2024-08-09T17:00:18.9133261+03:30,-50,-11,97,13,18,56,-26,101,-0.335977,-0.226263762,2.048475,0.3992719,-0.259663343,2.53086567,-0.2828036,-0.0185919143,2.23873615,0.283231974,-0.0309891328,2.54608536,-0.198602125,0.200919613,2.38767862,0.157079965,0.225588471,2.49700713,0,0,0,0,0,0,0,0,0,0,0,0
161,2024-08-09T17:00:18.9442088+03:30,-50,-11,97,13,18,56,-26,101,-0.3362055,-0.226038039,2.04705882,0.3994288,-0.260310084,2.52964354,-0.2827047,-0.0181628373,2.23825717,0.282620758,-0.0299942382,2.54569173,-0.1984602,0.200999737,2.387531,0.157268479,0.225758955,2.49690413,0,0,0,0,0,0,0,0,0,0,0,0
162,2024-08-09T17:00:18.9798727+03:30,-51,-11,97,13,18,56,-26,101,-0.336395651,-0.224801973,2.046069,0.399288177,-0.260583252,2.52928543,-0.28261897,-0.017593978,2.237705,0.282259673,-0.029817855,2.54553127,-0.198303312,0.20108287,2.38738346,0.1574073,0.22585921,2.496669,0,0,0,0,0,0,0,0,0,0,0,0
163,2024-08-09T17:00:19.0107559+03:30,-48,-10,96,13,18,55,-26,101,-0.336586028,-0.222968817,2.045306,0.398837239,-0.261390746,2.530209,-0.282538533,-0.0169178247,2.23711348,0.282109678,-0.0301904678,2.54547381,-0.198132589,0.201171,2.38723421,0.157531351,0.225924924,2.4963727,0,0,0,0,0,0,0,0,0,0,0,0
164,2024-08-09T17:00:19.0480554+03:30,-49,-11,100,13,18,55,-25,101,-0.336785048,-0.220803291,2.04463863,0.3982908,-0.261824638,2.53113651,-0.282459736,-0.0161503945,2.23649526,0.282120824,-0.0309350919,2.54549241,-0.197951972,0.201260909,2.3870852,0.157687142,0.22597903,2.49610829,0,0,0,0,0,0,0,0,0,0,0,0
165,2024-08-09T17:00:19.0803555+03:30,-50,-11,101,13,18,55,-25,101,-0.336996764,-0.2184491,2.04403257,0.398008,-0.261472672,2.53080416,-0.282388359,-0.0153019456,2.2358408,0.281633943,-0.0304923989,2.545001,-0.197760329,0.201356858,2.38694,0.157868117,0.226022243,2.49586916,0,0,0,0,0,0,0,0,0,0,0,0
166,2024-08-09T17:00:19.1163358+03:30,-52,-11,101,13,18,55,-25,101,-0.3372155,-0.215959892,2.0434885,0.397910863,-0.260949224,2.53043985,-0.282273859,-0.0140657965,2.23528266,0.28139478,-0.03071296,2.544757,-0.197554976,0.201449648,2.38679,0.158032164,0.22601679,2.495569,0,0,0,0,0,0,0,0,0,0,0,0
167,2024-08-09T17:00:19.1476075+03:30,-52,-11,101,13,18,55,-25,101,-0.33744365,-0.213425756,2.04296947,0.397783965,-0.259908438,2.52992058,-0.282117069,-0.0125031183,2.234847,0.280875534,-0.0300708227,2.544098,-0.1973369,0.201543108,2.38663673,0.158194244,0.225987956,2.495248,0,0,0,0,0,0,0,0,0,0,0,0
168,2024-08-09T17:00:19.1789749+03:30,-50,-10,102,13,18,54,-25,101,-0.337689072,-0.210907,2.04243088,0.39792797,-0.258981228,2.5291,-0.281927884,-0.0107388683,2.234502,0.280870676,-0.03013024,2.54352736,-0.1971126,0.201636314,2.38648438,0.158356071,0.22594288,2.49492073,0,0,0,0,0,0,0,0,0,0,0,0
169,2024-08-09T17:00:19.2112955+03:30,-51,-10,103,13,18,54,-25,101,-0.337967128,-0.208439723,2.041842,0.398148566,-0.257927924,2.52768421,-0.2817146,-0.00885923,2.234228,0.2804106,-0.0293114353,2.54248047,-0.196884215,0.201726213,2.38633,0.158539161,0.225885376,2.494616,0,0,0,0,0,0,0,0,0,0,0,0
170,2024-08-09T17:00:19.2435480+03:30,-52,-10,104,14,18,54,-25,101,-0.3382812,-0.206045732,2.041155,0.398511261,-0.256701171,2.52602363,-0.281487882,-0.006927592,2.2340064,0.280004829,-0.0293251667,2.542123,-0.1966536,0.201812118,2.38617015,0.158675,0.225802332,2.49420571,0,0,0,0,0,0,0,0,0,0,0,0
171,2024-08-09T17:00:19.2803148+03:30,-53,-10,104,14,18,54,-25,101,-0.3386445,-0.203770742,2.04034066,0.3985093,-0.256274,2.5255785,-0.28125608,-0.00498673972,2.23380947,0.279669,-0.0298951622,2.54224014,-0.1964159,0.201895028,2.38600516,0.158837259,0.2257636,2.493894,0,0,0,0,0,0,0,0,0,0,0,0
172,2024-08-09T17:00:19.3125151+03:30,-50,-9,105,14,18,53,-25,101,-0.339042,-0.201664373,2.03934455,0.3984098,-0.254955322,2.52447581,-0.281028271,-0.00305712339,2.23361564,0.278923541,-0.02938957,2.54166532,-0.196170792,0.201975733,2.38583469,0.15907456,0.225748345,2.493738,0,0,0,0,0,0,0,0,0,0,0,0
173,2024-08-09T17:00:19.3422672+03:30,-51,-9,106,15,18,53,-25,101,-0.339434028,-0.1996754,2.038226,0.399063826,-0.25512296,2.52224088,-0.2808107,-0.00114050158,2.23341751,0.278571159,-0.0296623036,2.5415957,-0.195909083,0.202064842,2.38566041,0.159418687,0.225748539,2.493763,0,0,0,0,0,0,0,0,0,0,0,0
174,2024-08-09T17:00:19.3782714+03:30,-47,-10,106,15,19,53,-25,101,-0.339806259,-0.197804108,2.03703785,0.4001935,-0.256266862,2.51931143,-0.2806166,0.0007449624,2.233197,0.2787616,-0.0304400548,2.54146123,-0.1956381,0.202160761,2.385486,0.159827277,0.225744411,2.49390149,0,0,0,0,0,0,0,0,0,0,0,0
175,2024-08-09T17:00:19.4087586+03:30,-48,-10,109,15,19,53,-24,100,-0.340101331,-0.195736259,2.03594923,0.401193917,-0.257979244,2.516911,-0.280465871,0.002577657,2.23289824,0.2791545,-0.0315318666,2.54159713,-0.195360839,0.202265054,2.38531375,0.1602883,0.225745171,2.49413681,0,0,0,0,0,0,0,0,0,0,0,0
176,2024-08-09T17:00:19.4422465+03:30,-45,-10,109,16,19,52,-24,100,-0.3403423,-0.193554878,2.0348947,0.402227968,-0.259560436,2.51442742,-0.2803489,0.004343773,2.23252535,0.27940467,-0.0315965824,2.54137588,-0.195070848,0.2023784,2.38514328,0.160780147,0.225746676,2.49443245,0,0,0,0,0,0,0,0,0,0,0,0
177,2024-08-09T17:00:19.4754949+03:30,-46,-10,109,16,19,52,-24,100,-0.340556055,-0.1913442,2.033719,0.402724266,-0.261106163,2.513631,-0.280262768,0.00604248745,2.232093,0.279796273,-0.0322288647,2.5414772,-0.1947535,0.202482045,2.38495326,0.161233544,0.22564663,2.49457669,0,0,0,0,0,0,0,0,0,0,0,0
178,2024-08-09T17:00:19.5090004+03:30,-47,-10,108,16,19,52,-24,100,-0.340744,-0.189140335,2.03242922,0.40366298,-0.2627541,2.51181746,-0.280204117,0.00769174937,2.23157358,0.280275822,-0.03321348,2.54181361,-0.194413826,0.202584684,2.38475728,0.161670566,0.225494474,2.49463248,0,0,0,0,0,0,0,0,0,0,0,0
179,2024-08-09T17:00:19.5387522+03:30,-48,-10,107,16,19,52,-24,100,-0.340919554,-0.186934933,2.03093362,0.4033398,-0.266122,2.513113,-0.280171037,0.009377845,2.230965,0.280753642,-0.0344352834,2.5424087,-0.19404766,0.20269534,2.3845675,0.16214855,0.225334033,2.494748,0,0,0,0,0,0,0,0,0,0,0,0
180,2024-08-09T17:00:19.5738334+03:30,-45,-9,105,15,19,51,-24,100,-0.341223925,-0.183591336,2.029606,0.402196318,-0.270540416,2.516432,-0.280356526,0.0109808054,2.22984886,0.281214982,-0.03578562,2.543151,-0.193651319,0.202815041,2.38438654,0.162655577,0.225186974,2.49491978,0,0,0,0,0,0,0,0,0,0,0,0
181,2024-08-09T17:00:19.6079262+03:30,-43,-10,104,16,20,51,-24,101,-0.34154126,-0.179592267,2.02822828,0.40128684,-0.2729334,2.51783657,-0.2806196,0.0126359314,2.2284925,0.281605661,-0.03717641,2.54396081,-0.193228677,0.202944785,2.38421822,0.163161054,0.225074574,2.49509048,0,0,0,0,0,0,0,0,0,0,0,0
182,2024-08-09T17:00:19.6398726+03:30,-41,-10,103,16,20,50,-24,101,-0.3418755,-0.175254136,2.02674866,0.400935054,-0.274990648,2.518046,-0.280938447,0.0143014742,2.22691131,0.282137066,-0.038579762,2.544534,-0.1927876,0.203084663,2.38406563,0.1636126,0.224905133,2.495131,0,0,0,0,0,0,0,0,0,0,0,0
183,2024-08-09T17:00:19.6764758+03:30,-43,-10,102,16,20,50,-24,101,-0.342193455,-0.170656979,2.02520061,0.400891125,-0.275667727,2.51726174,-0.281294137,0.015981799,2.225129,0.2827087,-0.03995724,2.545031,-0.192331821,0.203229845,2.3839252,0.163997024,0.224667534,2.4950285,0,0,0,0,0,0,0,0,0,0,0,0
184,2024-08-09T17:00:19.7083641+03:30,-40,-10,102,17,20,49,-24,101,-0.342453063,-0.1658108,2.0235858,0.401319534,-0.2762134,2.51549983,-0.2817043,0.0181844421,2.22305417,0.283257067,-0.0412934162,2.54549122,-0.191862568,0.203393042,2.383807,0.1643536,0.224414453,2.49487853,0,0,0,0,0,0,0,0,0,0,0,0
185,2024-08-09T17:00:19.7422832+03:30,-37,-9,103,17,20,48,-24,101,-0.3426527,-0.160740867,2.02189088,0.401775658,-0.276055932,2.51351166,-0.282135874,0.0206688512,2.22084618,0.2839308,-0.042591475,2.5455792,-0.1913714,0.203589886,2.38373017,0.1647007,0.224171251,2.49471974,0,0,0,0,0,0,0,0,0,0,0,0
186,2024-08-09T17:00:19.7768187+03:30,-35,-10,103,18,21,48,-24,101,-0.34280175,-0.155673146,2.01999116,0.402413964,-0.275804967,2.511066,-0.282498866,0.02344959,2.21850157,0.283698976,-0.0423777923,2.54488158,-0.190870181,0.203810751,2.38369155,0.1650338,0.22395803,2.49455571,0,0,0,0,0,0,0,0,0,0,0,0
187,2024-08-09T17:00:19.8072164+03:30,-32,-10,103,18,21,47,-24,101,-0.342873842,-0.150682732,2.01788354,0.403240234,-0.2756735,2.508346,-0.282777578,0.0265403669,2.21606779,0.283912122,-0.0423733741,2.5440433,-0.190362081,0.204055488,2.38368869,0.165345624,0.22373195,2.4943552,0,0,0,0,0,0,0,0,0,0,0,0
188,2024-08-09T17:00:19.8436413+03:30,-28,-9,104,18,21,46,-24,101,-0.342863381,-0.14572522,2.01554275,0.4031977,-0.27373445,2.50628138,-0.282980174,0.02989923,2.21358633,0.283473521,-0.0414795168,2.543534,-0.1898581,0.204318687,2.38371086,0.165675223,0.223513871,2.4941988,0,0,0,0,0,0,0,0,0,0,0,0
189,2024-08-09T17:00:19.8758229+03:30,-24,-9,104,19,21,45,-24,101,-0.342708826,-0.140429914,2.01310134,0.40300715,-0.272487879,2.5055778,-0.283110827,0.0335386656,2.211084,0.283141136,-0.0412877761,2.54370475,-0.1893657,0.204592377,2.38375163,0.165995881,0.223277584,2.4940207,0,0,0,0,0,0,0,0,0,0,0,0
190,2024-08-09T17:00:19.9122481+03:30,-19,-9,107,19,21,44,-23,101,-0.342448533,-0.134806737,2.0106802,0.402724773,-0.271734118,2.50576425,-0.2832178,0.0375367962,2.20877481,0.282903552,-0.0415809676,2.544292,-0.18887645,0.204889446,2.38381171,0.166296646,0.2230163,2.493821,0,0,0,0,0,0,0,0,0,0,0,0
191,2024-08-09T17:00:19.9432768+03:30,-15,-9,107,19,21,43,-23,101,-0.342112958,-0.129033729,2.00802135,0.402732283,-0.270525724,2.50506473,-0.283336073,0.0417375453,2.20665455,0.282964766,-0.04198562,2.54430985,-0.188399225,0.20521304,2.38389683,0.166570261,0.222726658,2.493587,0,0,0,0,0,0,0,0,0,0,0,0
192,2024-08-09T17:00:19.9798784+03:30,-10,-10,107,20,22,42,-23,101,-0.3417122,-0.123218305,2.00514269,0.402986,-0.26993683,2.503636,-0.283474535,0.0461337976,2.20463729,0.2831725,-0.0423939452,2.54398465,-0.18792814,0.205552191,2.38400149,0.166855454,0.222439423,2.493388,0,0,0,0,0,0,0,0,0,0,0,0
193,2024-08-09T17:00:20.0106274+03:30,-6,-10,107,20,22,41,-23,101,-0.341245919,-0.1174218,2.00201821,0.403374851,-0.26958096,2.501995,-0.2835979,0.05067434,2.20269,0.283661872,-0.0428733453,2.54330587,-0.1874623,0.205913588,2.384135,0.167085364,0.222167745,2.49313354,0,0,0,0,0,0,0,0,0,0,0,0
194,2024-08-09T17:00:20.0424939+03:30,3,-10,108,20,22,39,-23,101,-0.340722859,-0.111652911,1.998329,0.4037898,-0.269075572,2.50028157,-0.283671737,0.05534334,2.20077586,0.283965647,-0.0435061455,2.54331017,-0.186994329,0.206304282,2.38430071,0.167244092,0.221921772,2.49281025,0,0,0,0,0,0,0,0,0,0,0,0
195,2024-08-09T17:00:20.0757864+03:30,6,-10,108,21,22,38,-23,101,-0.340157926,-0.105959788,1.99424791,0.40403828,-0.2682724,2.499381,-0.2837034,0.0602147654,2.19886255,0.284160346,-0.0442318879,2.54373813,-0.186494008,0.206722409,2.38450146,0.16742903,0.2217732,2.49259186,0,0,0,0,0,0,0,0,0,0,0,0
196,2024-08-09T17:00:20.1077734+03:30,8,-11,107,20,23,37,-23,101,-0.339529485,-0.100342892,1.9897964,0.40074718,-0.2661807,2.50241852,-0.283692658,0.06535777,2.19695783,0.283817321,-0.04378272,2.54333258,-0.185920209,0.207175881,2.38475156,0.167657822,0.221719578,2.492518,0,0,0,0,0,0,0,0,0,0,0,0
197,2024-08-09T17:00:20.1447144+03:30,11,-12,106,19,23,36,-23,101,-0.338831127,-0.09474351,1.98503971,0.396122783,-0.264747232,2.508257,-0.283705,0.07063252,2.19512868,0.2835729,-0.043768324,2.54366779,-0.18527399,0.207646489,2.38503122,0.167949378,0.2217397,2.49260664,0,0,0,0,0,0,0,0,0,0,0,0
198,2024-08-09T17:00:20.1757752+03:30,13,-12,104,17,23,35,-23,101,-0.3380825,-0.08911719,1.97991717,0.392629832,-0.265878081,2.5142138,-0.283564478,0.07600127,2.193252,0.283449829,-0.0440820269,2.54440069,-0.18459326,0.208118677,2.38532233,0.168236032,0.221728772,2.49270582,0,0,0,0,0,0,0,0,0,0,0,0
199,2024-08-09T17:00:20.2071097+03:30,20,-12,103,17,23,33,-23,101,-0.337300867,-0.0834833,1.97435331,0.390664667,-0.266217321,2.51716948,-0.283304036,0.08136263,2.191368,0.283412755,-0.0446042158,2.54533577,-0.183891058,0.208583981,2.385616,0.168492481,0.221690014,2.49276876,0,0,0,0,0,0,0,0,0,0,0,0
200,2024-08-09T17:00:20.2386649+03:30,21,-13,102,16,23,32,-23,101,-0.336437076,-0.07776268,1.96848238,0.389386117,-0.2652103,2.51861262,-0.2829024,0.0866827741,2.18954015,0.282926321,-0.0439036749,2.54526281,-0.183105975,0.209055841,2.385931,0.168779492,0.221685275,2.49292254,0,0,0,0,0,0,0,0,0,0,0,0
201,2024-08-09T17:00:20.2770515+03:30,22,-13,103,17,23,31,-23,101,-0.3354554,-0.07200043,1.96246588,0.389013976,-0.2643943,2.518301,-0.2822929,0.0919042751,2.1877346,0.28261295,-0.04381989,2.54552674,-0.182259828,0.209531218,2.38626742,0.169079125,0.22170949,2.49313831,0,0,0,0,0,0,0,0,0,0,0,0
202,2024-08-09T17:00:20.3066085+03:30,25,-15,103,17,24,29,-23,101,-0.334418923,-0.06592999,1.95630765,0.389345258,-0.263956875,2.51663566,-0.281538665,0.09700636,2.185975,0.2824263,-0.0441466719,2.546,-0.181356415,0.210005209,2.38661146,0.16937378,0.221747711,2.49338174,0,0,0,0,0,0,0,0,0,0,0,0
203,2024-08-09T17:00:20.3402011+03:30,26,-15,103,18,24,28,-23,101,-0.333333731,-0.0596539974,1.9502039,0.390063524,-0.263845116,2.51419044,-0.280664653,0.102125511,2.18424177,0.28172794,-0.0431626253,2.54552579,-0.180402443,0.210468337,2.38696337,0.1696926,0.22178933,2.49366283,0,0,0,0,0,0,0,0,0,0,0,0
204,2024-08-09T17:00:20.3760500+03:30,27,-15,107,19,24,27,-22,101,-0.332210869,-0.0532596149,1.94420218,0.390884429,-0.263360679,2.51142836,-0.279724866,0.107238285,2.18250084,0.281394333,-0.04298024,2.54545021,-0.179418549,0.210916474,2.38731432,0.169997752,0.221745431,2.4938972,0,0,0,0,0,0,0,0,0,0,0,0
205,2024-08-09T17:00:20.4122297+03:30,28,-15,107,19,24,26,-22,101,-0.331061363,-0.046792943,1.93835151,0.391944736,-0.2632741,2.50812554,-0.278748751,0.112348661,2.180742,0.280661136,-0.0417882726,2.54463172,-0.1784021,0.211342826,2.387662,0.17025438,0.221627757,2.49402285,0,0,0,0,0,0,0,0,0,0,0,0
206,2024-08-09T17:00:20.4437107+03:30,32,-16,108,19,24,24,-22,101,-0.329899371,-0.0401726365,1.93279946,0.3922789,-0.261828035,2.50539017,-0.277763844,0.117519908,2.179104,0.2796778,-0.03996094,2.54334259,-0.1773728,0.211748347,2.38800669,0.1704883,0.22147052,2.494086,0,0,0,0,0,0,0,0,0,0,0,0
207,2024-08-09T17:00:20.4746578+03:30,33,-16,109,19,24,23,-22,100,-0.32816118,-0.032196708,1.929244,0.393015027,-0.261098534,2.50223875,-0.276810557,0.122712061,2.17760062,0.278535783,-0.0377548821,2.54177833,-0.176333919,0.21212548,2.38834929,0.1707022,0.22130841,2.4941237,0,0,0,0,0,0,0,0,0,0,0,0
208,2024-08-09T17:00:20.5110729+03:30,33,-17,109,19,24,22,-22,100,-0.3261403,-0.0233655628,1.92707932,0.3942635,-0.261478037,2.49867725,-0.2758757,0.127824575,2.17624474,0.277879745,-0.0369139537,2.5411253,-0.1752865,0.2124882,2.388705,0.170918211,0.221150547,2.49416161,0,0,0,0,0,0,0,0,0,0,0,0
209,2024-08-09T17:00:20.5434837+03:30,37,-18,109,20,24,20,-22,100,-0.324286848,-0.0149280019,1.923973,0.3953463,-0.261945248,2.495211,-0.274925739,0.1328622,2.17499924,0.276969254,-0.0353230871,2.540079,-0.174245819,0.212839454,2.38906741,0.171128422,0.221003324,2.49419451,0,0,0,0,0,0,0,0,0,0,0,0
210,2024-08-09T17:00:20.5804647+03:30,37,-18,109,21,24,19,-22,100,-0.322568476,-0.006934922,1.92037773,0.396749675,-0.263305426,2.4917,-0.2739297,0.137854815,2.1738658,0.2765034,-0.03495955,2.53976154,-0.173232779,0.213220909,2.38946939,0.17133069,0.220866978,2.49422288,0,0,0,0,0,0,0,0,0,0,0,0
211,2024-08-09T17:00:20.6105857+03:30,37,-18,110,21,24,18,-22,100,-0.3209724,0.000661276747,1.91655743,0.397452325,-0.263197482,2.4889,-0.272925436,0.142761052,2.17285132,0.275684,-0.03384202,2.53886247,-0.1722404,0.213618919,2.38989758,0.171538651,0.220746592,2.49426031,0,0,0,0,0,0,0,0,0,0,0,0
212,2024-08-09T17:00:20.6481332+03:30,38,-18,110,21,24,17,-22,100,-0.319459856,0.007900169,1.91266274,0.398095816,-0.2627552,2.48644519,-0.2719124,0.147541761,2.17193723,0.275495827,-0.0337908119,2.53850675,-0.171275616,0.2140276,2.39034057,0.171730191,0.220641539,2.49427557,0,0,0,0,0,0,0,0,0,0,0,0
213,2024-08-09T17:00:20.6795924+03:30,39,-19,110,22,24,16,-22,100,-0.317990243,0.0148067344,1.9088167,0.398933351,-0.262621939,2.48403716,-0.2709311,0.152190059,2.17112374,0.2751056,-0.0331580527,2.537582,-0.170348555,0.214437753,2.39078784,0.171890676,0.2205295,2.49423623,0,0,0,0,0,0,0,0,0,0,0,0
214,2024-08-09T17:00:20.7128645+03:30,39,-19,111,21,24,15,-22,99,-0.316523522,0.0218159221,1.90521443,0.3999051,-0.2628359,2.4816556,-0.2699645,0.156693637,2.17041874,0.2745947,-0.0321620442,2.53630853,-0.169460475,0.2148748,2.391258,0.172030821,0.220412388,2.494162,0,0,0,0,0,0,0,0,0,0,0,0
215,2024-08-09T17:00:20.7478244+03:30,40,-19,111,21,24,14,-22,99,-0.315087229,0.0287365168,1.90167964,0.400960773,-0.2634078,2.479293,-0.26904583,0.161169171,2.16981626,0.27400282,-0.03095296,2.53483057,-0.168614522,0.21532999,2.39174,0.172154278,0.220267892,2.494032,0,0,0,0,0,0,0,0,0,0,0,0
216,2024-08-09T17:00:20.7796324+03:30,40,-20,111,21,24,13,-22,99,-0.313682258,0.035506703,1.898277,0.402030736,-0.26413846,2.4770112,-0.268169641,0.165547565,2.16931057,0.273367077,-0.0295453556,2.53323579,-0.167813346,0.21579501,2.39223361,0.172265738,0.220130235,2.49387741,0,0,0,0,0,0,0,0,0,0,0,0
217,2024-08-09T17:00:20.8125617+03:30,41,-20,111,22,24,12,-22,99,-0.312306464,0.042115245,1.89503288,0.403084576,-0.264953226,2.47484422,-0.267333,0.169768855,2.16889977,0.273241252,-0.0293929838,2.53277636,-0.167069584,0.216286123,2.39274979,0.172367662,0.220001459,2.49370837,0,0,0,0,0,0,0,0,0,0,0,0
218,2024-08-09T17:00:20.8434059+03:30,41,-20,111,22,24,11,-22,99,-0.310950071,0.04912341,1.89236724,0.404063642,-0.2655199,2.47287869,-0.2665395,0.173968643,2.16857076,0.273462474,-0.0300774015,2.53305626,-0.166381046,0.216791943,2.39328,0.172462791,0.219885379,2.49353766,0,0,0,0,0,0,0,0,0,0,0,0
219,2024-08-09T17:00:20.8755206+03:30,42,-20,111,23,24,10,-22,99,-0.309647441,0.05629733,1.8902024,0.404982865,-0.265929073,2.471092,-0.2657739,0.17815803,2.16832638,0.273897141,-0.0312884264,2.53380919,-0.165745,0.217321277,2.39383626,0.172519445,0.219753772,2.493277,0,0,0,0,0,0,0,0,0,0,0,0
220,2024-08-09T17:00:20.9123943+03:30,42,-21,111,23,24,9,-22,99,-0.308406144,0.06338667,1.88796735,0.405867428,-0.26624018,2.46941757,-0.265069783,0.1820637,2.16818666,0.2744608,-0.0328238,2.534823,-0.165155068,0.217871353,2.39442587,0.172544211,0.2196099,2.49294329,0,0,0,0,0,0,0,0,0,0,0,0
221,2024-08-09T17:00:20.9440908+03:30,43,-21,111,24,24,8,-22,100,-0.30723,0.0702939555,1.88575149,0.4060292,-0.265232831,2.468199,-0.264413625,0.186037987,2.16814041,0.2745158,-0.0330847353,2.535193,-0.164608881,0.218441024,2.3950386,0.172595486,0.219496325,2.4926424,0,0,0,0,0,0,0,0,0,0,0,0
222,2024-08-09T17:00:20.9747698+03:30,45,-21,111,24,23,7,-22,100,-0.306121439,0.07703006,1.8835901,0.405822784,-0.2649715,2.46905851,-0.263797164,0.19001247,2.16816187,0.274884373,-0.03396405,2.53572488,-0.164103523,0.219016969,2.39565682,0.1726468,0.219412,2.49235368,0,0,0,0,0,0,0,0,0,0,0,0
223,2024-08-09T17:00:21.0099125+03:30,46,-21,111,25,23,6,-22,100,-0.305102378,0.0836718455,1.88149774,0.405970156,-0.264702827,2.46908236,-0.2632224,0.19396323,2.168234,0.2754049,-0.03521238,2.536435,-0.163639009,0.21958515,2.39626575,0.1726837,0.219345137,2.49204946,0,0,0,0,0,0,0,0,0,0,0,0
224,2024-08-09T17:00:21.0391882+03:30,44,-21,111,25,23,6,-22,100,-0.304142743,0.09031255,1.87948489,0.406329662,-0.264413118,2.46857834,-0.26271528,0.197889522,2.16836047,0.275989056,-0.0366620123,2.53731012,-0.163222745,0.220142514,2.39686084,0.172709435,0.219290763,2.491743,0,0,0,0,0,0,0,0,0,0,0,0
225,2024-08-09T17:00:21.0750318+03:30,45,-21,111,26,23,5,-22,100,-0.30322656,0.09707275,1.877463,0.406880975,-0.264250278,2.46769261,-0.262319118,0.201435462,2.16833878,0.276600659,-0.038206283,2.53827548,-0.162850559,0.22068052,2.39743471,0.1727268,0.219246417,2.49144125,0,0,0,0,0,0,0,0,0,0,0,0
226,2024-08-09T17:00:21.1067135+03:30,45,-21,111,27,23,4,-22,101,-0.302304953,0.1037762,1.87545335,0.407525,-0.26413092,2.46656275,-0.2620096,0.204640523,2.16821051,0.277199626,-0.0397509225,2.53934813,-0.162522286,0.221200392,2.39799047,0.172733381,0.21921064,2.4911406,0,0,0,0,0,0,0,0,0,0,0,0
227,2024-08-09T17:00:21.1436273+03:30,43,-21,111,28,23,4,-22,101,-0.30132854,0.110343553,1.87346447,0.4082279,-0.2640746,2.46528,-0.2617786,0.207603127,2.168016,0.277789056,-0.0412695743,2.54045653,-0.162238985,0.221717939,2.398565,0.17276074,0.219189152,2.4908855,0,0,0,0,0,0,0,0,0,0,0,0
228,2024-08-09T17:00:21.1748571+03:30,44,-21,111,28,23,3,-22,101,-0.3002466,0.116883762,1.871502,0.4089472,-0.264044672,2.463911,-0.2616005,0.2103409,2.16786,0.2788878,-0.04274038,2.54067516,-0.16200465,0.222250745,2.399173,0.172809973,0.219174162,2.49066758,0,0,0,0,0,0,0,0,0,0,0,0
229,2024-08-09T17:00:21.2119158+03:30,44,-21,111,28,23,2,-22,101,-0.299086869,0.123361394,1.869613,0.4096457,-0.2640168,2.462502,-0.261450469,0.212911785,2.167793,0.2799397,-0.0441631749,2.54089451,-0.161810815,0.222783834,2.39980459,0.1729333,0.219210416,2.490578,0,0,0,0,0,0,0,0,0,0,0,0
230,2024-08-09T17:00:21.2435218+03:30,42,-21,111,29,23,2,-22,101,-0.29787913,0.129710332,1.86783671,0.410305768,-0.263992816,2.461087,-0.261318952,0.2155714,2.16771531,0.281147569,-0.0455408059,2.540615,-0.16165635,0.223325655,2.40046453,0.173100919,0.219279051,2.49057055,0,0,0,0,0,0,0,0,0,0,0,0
231,2024-08-09T17:00:21.2796103+03:30,42,-22,111,28,23,1,-22,100,-0.296651125,0.135932028,1.86641407,0.4108686,-0.263905019,2.45966268,-0.261340022,0.218229488,2.167985,0.28167066,-0.0452779457,2.53958583,-0.161538169,0.223871127,2.40114069,0.173282132,0.219360262,2.490593,0,0,0,0,0,0,0,0,0,0,0,0
232,2024-08-09T17:00:21.3115163+03:30,40,-21,111,28,23,1,-22,100,-0.295460582,0.1419394,1.86527514,0.41125685,-0.263792157,2.45859122,-0.261449635,0.220857814,2.168487,0.282109857,-0.04551949,2.5394156,-0.1614358,0.224365413,2.40181184,0.173501372,0.219364658,2.490634,0,0,0,0,0,0,0,0,0,0,0,0
233,2024-08-09T17:00:21.3472883+03:30,40,-22,111,28,23,0,-22,100,-0.294355184,0.147701144,1.86435068,0.4111943,-0.2634954,2.45841265,-0.261604428,0.223375633,2.16913533,0.282481521,-0.04609587,2.53981137,-0.161326155,0.224750847,2.40245867,0.173734754,0.219299972,2.490655,0,0,0,0,0,0,0,0,0,0,0,0
234,2024-08-09T17:00:21.3792205+03:30,39,-22,110,29,23,0,-22,101,-0.293342948,0.153157756,1.86360288,0.411014944,-0.2637218,2.45885873,-0.2617878,0.225753233,2.16987562,0.282851219,-0.0468863733,2.54051781,-0.161213234,0.225037962,2.403081,0.173977524,0.219182014,2.490658,0,0,0,0,0,0,0,0,0,0,0,0
235,2024-08-09T17:00:21.4110328+03:30,39,-22,110,29,23,-1,-22,101,-0.292524517,0.158362091,1.8629899,0.4107032,-0.263996422,2.45943165,-0.261988044,0.22796002,2.17066264,0.283218831,-0.04780102,2.54142141,-0.1611091,0.225244686,2.4036808,0.1742303,0.2190241,2.49064279,0,0,0,0,0,0,0,0,0,0,0,0
236,2024-08-09T17:00:21.4416207+03:30,38,-22,110,29,23,-1,-22,101,-0.291881174,0.1631996,1.86250412,0.410217166,-0.2638546,2.45998478,-0.2621956,0.230012819,2.17147,0.283787161,-0.0483983457,2.54126644,-0.1610138,0.225388035,2.40425539,0.174494147,0.21884346,2.49062657,0,0,0,0,0,0,0,0,0,0,0,0
237,2024-08-09T17:00:21.4746685+03:30,37,-23,110,29,24,-2,-22,101,-0.291436166,0.167577386,1.86212218,0.409608781,-0.263507634,2.46126056,-0.262378216,0.2318848,2.17226,0.284502536,-0.0487289876,2.540372,-0.160929,0.225477189,2.40480423,0.1747643,0.218647465,2.49059582,0,0,0,0,0,0,0,0,0,0,0,0
238,2024-08-09T17:00:21.5099397+03:30,36,-23,110,28,24,-2,-22,100,-0.291176081,0.171498746,1.86183643,0.409112751,-0.2632817,2.46278238,-0.2625581,0.233573824,2.17303157,0.2852096,-0.04941516,2.53994441,-0.16085954,0.225528777,2.40533066,0.175057992,0.2183568,2.49052048,0,0,0,0,0,0,0,0,0,0,0,0
239,2024-08-09T17:00:21.5441450+03:30,35,-23,110,27,24,-2,-22,100,-0.2911307,0.175011158,1.8616693,0.4087409,-0.263292968,2.464508,-0.262837231,0.235041156,2.17382669,0.2863936,-0.0500984,2.53868055,-0.160803482,0.225552261,2.40583634,0.17537351,0.217990726,2.49041057,0,0,0,0,0,0,0,0,0,0,0,0
240,2024-08-09T17:00:21.5751658+03:30,37,-23,110,26,24,-3,-22,100,-0.291296035,0.178128049,1.86161649,0.408384,-0.263299137,2.4663794,-0.2632626,0.236230969,2.17465663,0.28780368,-0.050593622,2.53690863,-0.160759047,0.225553572,2.406317,0.175706178,0.217576623,2.4902792,0,0,0,0,0,0,0,0,0,0,0,0
241,2024-08-09T17:00:21.6079513+03:30,36,-23,107,25,24,-3,-23,100,-0.291703582,0.1808656,1.86167169,0.40813747,-0.2635334,2.46826577,-0.2638178,0.237171635,2.1755147,0.289091766,-0.0513955466,2.535664,-0.1607279,0.225538,2.406776,0.17604889,0.217122734,2.490121,0,0,0,0,0,0,0,0,0,0,0,0
242,2024-08-09T17:00:21.6387949+03:30,35,-23,107,24,24,-3,-23,99,-0.292416364,0.18336238,1.86201572,0.4080286,-0.2639727,2.47001672,-0.264580548,0.238412768,2.1765244,0.290495783,-0.0520239919,2.53382778,-0.160711423,0.2255135,2.407221,0.17640613,0.2166371,2.48993659,0,0,0,0,0,0,0,0,0,0,0,0
243,2024-08-09T17:00:21.6748885+03:30,37,-23,107,23,24,-4,-23,99,-0.2937013,0.185830444,1.86340523,0.408006161,-0.2644681,2.47163963,-0.2655207,0.239566624,2.17760921,0.2919425,-0.05252435,2.53164864,-0.160710543,0.225479871,2.40765285,0.176775083,0.2161275,2.48972249,0,0,0,0,0,0,0,0,0,0,0,0
244,2024-08-09T17:00:21.7076740+03:30,35,-24,107,21,25,-4,-23,98,-0.29577598,0.188423127,1.86469448,0.4080623,-0.2650627,2.47318625,-0.266741633,0.2404674,2.178844,0.293485016,-0.0530268,2.52928543,-0.160727516,0.225461751,2.408099,0.177151889,0.2156211,2.48949265,0,0,0,0,0,0,0,0,0,0,0,0
245,2024-08-09T17:00:21.7445815+03:30,35,-23,107,21,25,-4,-23,98,-0.298350573,0.1910913,1.8660022,0.4085928,-0.265614718,2.47301173,-0.268167466,0.24152267,2.180241,0.29507184,-0.05350091,2.52687073,-0.160760865,0.225451633,2.40855861,0.17753309,0.215120047,2.48924422,0,0,0,0,0,0,0,0,0,0,0,0
246,2024-08-09T17:00:21.7747616+03:30,33,-24,104,20,26,-4,-24,98,-0.301333129,0.193773061,1.86734068,0.4090517,-0.266430676,2.473776,-0.269827068,0.24248074,2.18177819,0.2966879,-0.0539545938,2.52453613,-0.160813376,0.225440577,2.40902114,0.177902713,0.214639083,2.4889636,0,0,0,0,0,0,0,0,0,0,0,0
247,2024-08-09T17:00:21.8112015+03:30,35,-24,104,18,26,-5,-24,97,-0.304714143,0.197103634,1.87043107,0.40977174,-0.2674919,2.47307014,-0.271700829,0.243243262,2.18343568,0.298297644,-0.0543766655,2.52232885,-0.1609046,0.225431591,2.40949941,0.178271979,0.214176834,2.48866582,0,0,0,0,0,0,0,0,0,0,0,0
248,2024-08-09T17:00:21.8445807+03:30,33,-24,103,17,27,-5,-24,97,-0.308715641,0.200257048,1.87302613,0.4100316,-0.268721521,2.474902,-0.273722053,0.24384819,2.1851728,0.299941778,-0.0548186377,2.52029538,-0.161030561,0.225421131,2.409986,0.178666443,0.213727027,2.488378,0,0,0,0,0,0,0,0,0,0,0,0
249,2024-08-09T17:00:21.8798560+03:30,33,-23,103,16,27,-5,-24,96,-0.3129299,0.20388642,1.87726665,0.410477877,-0.26959005,2.47554612,-0.275775343,0.2443602,2.186913,0.301654071,-0.05534571,2.51844954,-0.161196232,0.225426286,2.41048455,0.179060876,0.2133148,2.48808551,0,0,0,0,0,0,0,0,0,0,0,0
250,2024-08-09T17:00:21.9123956+03:30,31,-24,98,15,28,-5,-25,96,-0.317210644,0.207751378,1.88252509,0.410963237,-0.27037096,2.47612548,-0.277829736,0.244790375,2.18863678,0.303370923,-0.0559828244,2.51684666,-0.16139245,0.225435629,2.41098571,0.1795012,0.212915644,2.48785019,0,0,0,0,0,0,0,0,0,0,0,0
251,2024-08-09T17:00:21.9473930+03:30,30,-23,98,15,28,-5,-25,96,-0.32152158,0.211663634,1.88832378,0.41145876,-0.271104276,2.476668,-0.2799457,0.245432243,2.1904242,0.305051863,-0.0567050129,2.51550627,-0.1616297,0.2254441,2.41148448,0.179960877,0.212543577,2.48764729,0,0,0,0,0,0,0,0,0,0,0,0
252,2024-08-09T17:00:21.9803673+03:30,28,-23,97,14,29,-5,-25,96,-0.325947165,0.215555817,1.89456379,0.412046134,-0.271662831,2.47654748,-0.28210634,0.246134862,2.192244,0.306654125,-0.05745265,2.514327,-0.161916941,0.225477174,2.4119966,0.180443019,0.212191656,2.48747516,0,0,0,0,0,0,0,0,0,0,0,0
253,2024-08-09T17:00:22.0125708+03:30,30,-23,96,13,29,-6,-25,95,-0.3304358,0.219340339,1.90103471,0.41260922,-0.2721554,2.476543,-0.2843599,0.246667489,2.19410515,0.308148265,-0.0581754074,2.513276,-0.162242472,0.225512788,2.41251063,0.180927113,0.211861759,2.48732281,0,0,0,0,0,0,0,0,0,0,0,0
254,2024-08-09T17:00:22.0447781+03:30,28,-23,96,13,30,-6,-25,95,-0.335013658,0.222962111,1.90760386,0.413164437,-0.272616744,2.47657585,-0.286702275,0.247274876,2.19604969,0.3095215,-0.05890582,2.512332,-0.162604183,0.225551948,2.41303039,0.181394324,0.211594209,2.48718119,0,0,0,0,0,0,0,0,0,0,0,0
255,2024-08-09T17:00:22.0743370+03:30,28,-22,95,13,30,-6,-25,95,-0.339651138,0.226357371,1.91410017,0.413696349,-0.273055583,2.47663355,-0.289099962,0.247932151,2.198058,0.3107821,-0.05962941,2.511478,-0.1629949,0.225606859,2.413562,0.18185772,0.211377546,2.48705745,0,0,0,0,0,0,0,0,0,0,0,0
256,2024-08-09T17:00:22.1112060+03:30,26,-22,95,13,31,-6,-25,95,-0.3443797,0.229532585,1.92048538,0.414240181,-0.273446441,2.47668862,-0.2915014,0.248704121,2.20010114,0.311946869,-0.0603236072,2.51070952,-0.1634159,0.22568,2.41410828,0.1823094,0.211201757,2.48695087,0,0,0,0,0,0,0,0,0,0,0,0
257,2024-08-09T17:00:22.1428710+03:30,26,-21,94,13,31,-6,-25,95,-0.34952563,0.232793152,1.92698228,0.4147124,-0.273642957,2.476784,-0.294018716,0.249352723,2.20224261,0.312821269,-0.06094459,2.51053429,-0.163848549,0.225761354,2.414651,0.1827368,0.2110861,2.48684764,0,0,0,0,0,0,0,0,0,0,0,0
258,2024-08-09T17:00:22.1748016+03:30,25,-22,90,13,32,-6,-26,95,-0.354888141,0.235671625,1.93329167,0.4153736,-0.2736912,2.47601366,-0.2966825,0.2497216,2.20449066,0.3136075,-0.0614699237,2.51047754,-0.1642978,0.225849673,2.41518855,0.183132678,0.211037517,2.48673987,0,0,0,0,0,0,0,0,0,0,0,0
259,2024-08-09T17:00:22.2104635+03:30,26,-22,90,13,33,-7,-26,95,-0.360925734,0.23766318,1.9374907,0.41622144,-0.273928165,2.47454333,-0.299438924,0.249838233,2.20680523,0.3143411,-0.06191031,2.5104692,-0.164760292,0.22593978,2.41571784,0.183498189,0.211035728,2.48663116,0,0,0,0,0,0,0,0,0,0,0,0
260,2024-08-09T17:00:22.2397378+03:30,26,-21,91,13,33,-7,-26,95,-0.3673314,0.239053667,1.94022262,0.416934133,-0.273928434,2.47414827,-0.302209377,0.249768957,2.20911741,0.3147777,-0.0622979738,2.510967,-0.165238157,0.226015627,2.41623616,0.183841869,0.211064741,2.48652339,0,0,0,0,0,0,0,0,0,0,0,0
261,2024-08-09T17:00:22.2777054+03:30,25,-21,96,14,34,-7,-25,95,-0.3739197,0.240042865,1.94196486,0.417570829,-0.2735031,2.47291732,-0.304918975,0.2496033,2.21137476,0.315118521,-0.06264148,2.51155734,-0.165727392,0.226076767,2.41674948,0.184170634,0.2111202,2.48642683,0,0,0,0,0,0,0,0,0,0,0,0
262,2024-08-09T17:00:22.3079213+03:30,24,-21,96,14,35,-7,-25,95,-0.380678028,0.240776837,1.94312382,0.418012857,-0.273299873,2.4726963,-0.307548761,0.249431074,2.21356916,0.315401167,-0.06293547,2.51215816,-0.166228667,0.226134047,2.41725826,0.184482425,0.211204708,2.48634052,0,0,0,0,0,0,0,0,0,0,0,0
263,2024-08-09T17:00:22.3441162+03:30,24,-21,96,15,35,-7,-25,95,-0.3875358,0.241311148,1.94396627,0.418751329,-0.273170978,2.47096086,-0.310079,0.249308363,2.21569633,0.315909028,-0.06313694,2.51222229,-0.1667446,0.226196244,2.41777468,0.184783235,0.211324677,2.48628116,0,0,0,0,0,0,0,0,0,0,0,0
264,2024-08-09T17:00:22.3757276+03:30,24,-21,96,15,36,-7,-25,95,-0.394430935,0.241811961,1.94492126,0.419589341,-0.272808433,2.468673,-0.312449455,0.249484688,2.217742,0.316577941,-0.0633210242,2.51194239,-0.1672618,0.22625497,2.41828918,0.185115412,0.2114281,2.48626781,0,0,0,0,0,0,0,0,0,0,0,0
265,2024-08-09T17:00:22.4114804+03:30,25,-20,93,16,36,-7,-26,95,-0.4012389,0.242309853,1.94610143,0.420416921,-0.272313416,2.46607041,-0.314697057,0.24974373,2.21970844,0.317324877,-0.0634883046,2.511464,-0.167772681,0.226312637,2.41879916,0.185488746,0.211541042,2.486328,0,0,0,0,0,0,0,0,0,0,0,0
266,2024-08-09T17:00:22.4433668+03:30,24,-20,93,16,37,-7,-26,95,-0.4078879,0.242813334,1.94755256,0.421209365,-0.271764427,2.46329451,-0.3168319,0.249985129,2.22159529,0.318112552,-0.0636616349,2.5108614,-0.168295339,0.226392075,2.419334,0.185889438,0.211634949,2.48641682,0,0,0,0,0,0,0,0,0,0,0,0
267,2024-08-09T17:00:22.4782087+03:30,25,-19,93,17,37,-7,-26,95,-0.414365768,0.243322581,1.9492718,0.421931952,-0.271157235,2.46030235,-0.31886673,0.250176,2.22340655,0.318913579,-0.06384131,2.51019764,-0.168823138,0.226484388,2.41988254,0.186304361,0.211704835,2.48651218,0,0,0,0,0,0,0,0,0,0,0,0
268,2024-08-09T17:00:22.5147892+03:30,24,-19,93,17,38,-7,-26,95,-0.42064,0.243814334,1.95117545,0.422736,-0.271264762,2.45715737,-0.320798576,0.2504518,2.22516179,0.319708675,-0.06403081,2.50951934,-0.1693488,0.226594374,2.42044139,0.186724529,0.211745635,2.486607,0,0,0,0,0,0,0,0,0,0,0,0
269,2024-08-09T17:00:22.5480132+03:30,25,-19,93,18,38,-7,-26,95,-0.426723063,0.2443123,1.953386,0.423322916,-0.2714881,2.45511365,-0.3226859,0.2507789,2.22691321,0.320506155,-0.0642779544,2.50885558,-0.1698643,0.226709917,2.420996,0.187004015,0.21158576,2.48643327,0,0,0,0,0,0,0,0,0,0,0,0
270,2024-08-09T17:00:22.5798891+03:30,26,-18,93,18,38,-7,-26,95,-0.432606131,0.244814172,1.95588851,0.423738271,-0.271129936,2.45261979,-0.3245102,0.2510736,2.22862673,0.3207142,-0.06446256,2.50936866,-0.170365229,0.226825878,2.421543,0.187187538,0.211383447,2.486115,0,0,0,0,0,0,0,0,0,0,0,0
271,2024-08-09T17:00:22.6107505+03:30,25,-18,94,19,39,-7,-26,95,-0.438239932,0.245276675,1.95858741,0.4241754,-0.270780832,2.450301,-0.326267242,0.2513043,2.23029137,0.321004331,-0.06468811,2.50937223,-0.170843557,0.226937562,2.42207265,0.187342808,0.2111837,2.48576975,0,0,0,0,0,0,0,0,0,0,0,0
272,2024-08-09T17:00:22.6430144+03:30,26,-17,94,20,39,-7,-26,95,-0.443625927,0.245696962,1.96150231,0.424681962,-0.27059114,2.4478116,-0.3279213,0.251622647,2.231888,0.3210491,-0.06495062,2.50967526,-0.171301082,0.227045923,2.42258358,0.18747966,0.210998461,2.4854207,0,0,0,0,0,0,0,0,0,0,0,0
273,2024-08-09T17:00:22.6798051+03:30,26,-18,95,20,40,-7,-26,95,-0.4487556,0.246071443,1.96457851,0.4251453,-0.270108342,2.44535232,-0.329475373,0.25195235,2.233405,0.3209795,-0.06521758,2.51012278,-0.171734437,0.227148518,2.42307258,0.187600508,0.210828751,2.485078,0,0,0,0,0,0,0,0,0,0,0,0
274,2024-08-09T17:00:22.7101330+03:30,30,-17,95,21,40,-8,-26,95,-0.4536219,0.2463745,1.96776259,0.425576925,-0.2694407,2.443001,-0.3310291,0.2521534,2.23492956,0.3210308,-0.06537486,2.51022243,-0.172142714,0.227243155,2.423538,0.187533468,0.210650072,2.4845674,0,0,0,0,0,0,0,0,0,0,0,0
275,2024-08-09T17:00:22.7427078+03:30,31,-17,95,21,40,-8,-26,95,-0.4582317,0.246594653,1.971024,0.4259842,-0.268692851,2.440775,-0.332576245,0.252479285,2.23650146,0.32118845,-0.06545693,2.51005125,-0.1725256,0.227323979,2.42397952,0.187384933,0.210493013,2.484013,0,0,0,0,0,0,0,0,0,0,0,0
276,2024-08-09T17:00:22.7747048+03:30,30,-17,96,22,41,-8,-26,95,-0.462599218,0.246722117,1.97431517,0.4264733,-0.268091828,2.43874288,-0.334093,0.252806336,2.238072,0.321421325,-0.06550348,2.5096755,-0.172883973,0.227385432,2.42440176,0.187216222,0.210361,2.48348355,0,0,0,0,0,0,0,0,0,0,0,0
277,2024-08-09T17:00:22.8065014+03:30,31,-16,96,22,41,-8,-26,95,-0.466746479,0.246771976,1.97759843,0.4270607,-0.267711759,2.43686819,-0.33557415,0.253068835,2.23961067,0.321793079,-0.06549701,2.50907326,-0.173230216,0.2274285,2.4248085,0.187058687,0.21025832,2.48300314,0,0,0,0,0,0,0,0,0,0,0,0
278,2024-08-09T17:00:22.8436928+03:30,32,-16,96,22,41,-8,-26,95,-0.470709383,0.246724531,1.98089826,0.427294016,-0.267622173,2.43753934,-0.3370218,0.253235728,2.24110246,0.322212547,-0.06544768,2.50843835,-0.173576474,0.227440253,2.42520022,0.186911568,0.210186929,2.48256731,0,0,0,0,0,0,0,0,0,0,0,0
279,2024-08-09T17:00:22.8758400+03:30,32,-16,96,21,42,-8,-26,95,-0.4745071,0.246546477,1.98416948,0.427393734,-0.267713338,2.43936443,-0.338425726,0.253310025,2.242538,0.322651476,-0.06537274,2.507807,-0.173916459,0.227422208,2.42557216,0.1867788,0.210137978,2.48217368,0,0,0,0,0,0,0,0,0,0,0,0
280,2024-08-09T17:00:22.9071043+03:30,33,-16,96,21,42,-8,-26,95,-0.4777683,0.246322662,1.98853672,0.427571148,-0.26708594,2.44080186,-0.33978194,0.253275037,2.2439065,0.3227591,-0.0647846162,2.5070653,-0.174257562,0.2273846,2.42593145,0.186661676,0.2101405,2.48184228,0,0,0,0,0,0,0,0,0,0,0,0
281,2024-08-09T17:00:22.9391276+03:30,34,-15,96,20,42,-8,-26,95,-0.481208056,0.245580837,1.99232471,0.428087,-0.267013282,2.44120145,-0.3411312,0.253118962,2.245255,0.323021472,-0.06434058,2.50625587,-0.1746019,0.22732608,2.426281,0.18655847,0.210176542,2.48156142,0,0,0,0,0,0,0,0,0,0,0,0
282,2024-08-09T17:00:22.9735786+03:30,34,-16,96,20,43,-8,-26,95,-0.484691978,0.244495645,1.99565971,0.428396642,-0.2663796,2.44141555,-0.342473537,0.252876639,2.24658656,0.323098,-0.06355176,2.505482,-0.17495136,0.227242768,2.426619,0.1864786,0.21025373,2.48134661,0,0,0,0,0,0,0,0,0,0,0,0
283,2024-08-09T17:00:23.0074168+03:30,36,-15,93,20,43,-8,-27,95,-0.488144457,0.243151724,1.9986515,0.428548366,-0.265358239,2.441537,-0.343800753,0.252754718,2.24792719,0.32301268,-0.0625226945,2.50472856,-0.1753072,0.227129489,2.42694521,0.186414033,0.2103617,2.48118448,0,0,0,0,0,0,0,0,0,0,0,0
284,2024-08-09T17:00:23.0397308+03:30,37,-15,93,20,43,-8,-27,95,-0.491534382,0.24165684,2.00143266,0.428869963,-0.265048832,2.44080234,-0.345123678,0.252667844,2.24927878,0.3230653,-0.06187457,2.503892,-0.175669849,0.226990625,2.4272666,0.186358809,0.210487917,2.48106146,0,0,0,0,0,0,0,0,0,0,0,0
285,2024-08-09T17:00:23.0761036+03:30,37,-16,93,20,44,-8,-27,95,-0.4948257,0.240065649,2.00406718,0.429174483,-0.264999,2.43951845,-0.3464292,0.252571762,2.250619,0.323184878,-0.0615035966,2.50303721,-0.176038042,0.226825818,2.42758465,0.186310768,0.2106233,2.48096848,0,0,0,0,0,0,0,0,0,0,0,0
286,2024-08-09T17:00:23.1090017+03:30,39,-15,93,20,44,-8,-27,95,-0.49803102,0.238394678,2.00664139,0.4294811,-0.265409857,2.43793368,-0.347728819,0.252414,2.2519424,0.3231919,-0.06135126,2.50252867,-0.176418871,0.226643533,2.42790151,0.186266392,0.210759267,2.48089838,0,0,0,0,0,0,0,0,0,0,0,0
287,2024-08-09T17:00:23.1464738+03:30,41,-15,93,20,44,-8,-27,94,-0.501159668,0.2366964,2.0092268,0.4295941,-0.26540187,2.43617249,-0.3490293,0.2523127,2.25328016,0.32308805,-0.06130421,2.50200963,-0.176811323,0.226446435,2.42821622,0.185978368,0.210833788,2.48061919,0,0,0,0,0,0,0,0,0,0,0,0
288,2024-08-09T17:00:23.1763519+03:30,41,-16,93,20,45,-8,-27,94,-0.504252434,0.23502849,2.01196074,0.429647684,-0.265797883,2.43440032,-0.350321949,0.2522007,2.25461078,0.322938681,-0.0613392666,2.5014298,-0.177209079,0.226237118,2.428525,0.185571313,0.21087715,2.48024845,0,0,0,0,0,0,0,0,0,0,0,0
289,2024-08-09T17:00:23.2088148+03:30,45,-16,93,20,45,-9,-27,94,-0.507286966,0.233399868,2.01478481,0.429648846,-0.266471177,2.43267274,-0.351608634,0.252043575,2.25593138,0.322752655,-0.0614149757,2.50082731,-0.17761822,0.22602345,2.428839,0.185116589,0.210931,2.479852,0,0,0,0,0,0,0,0,0,0,0,0
290,2024-08-09T17:00:23.2441492+03:30,47,-16,93,20,45,-9,-27,94,-0.510239,0.231819257,2.01761532,0.4296059,-0.267339826,2.43101263,-0.352880985,0.2518413,2.25723433,0.322451025,-0.06152267,2.500473,-0.178041339,0.225824565,2.42917,0.184663713,0.211006373,2.47948313,0,0,0,0,0,0,0,0,0,0,0,0
291,2024-08-09T17:00:23.2768405+03:30,49,-16,93,20,45,-9,-27,94,-0.5131764,0.230416536,2.0205698,0.429551572,-0.268355131,2.429438,-0.3541493,0.251621038,2.258535,0.322115839,-0.0616372675,2.50028348,-0.178472027,0.225635991,2.42950439,0.184235647,0.211097956,2.47915578,0,0,0,0,0,0,0,0,0,0,0,0
292,2024-08-09T17:00:23.3112165+03:30,48,-16,93,21,46,-9,-27,94,-0.516070247,0.229236737,2.023606,0.42923516,-0.268835276,2.428063,-0.355436563,0.251438677,2.25986719,0.321834415,-0.0617618524,2.50005317,-0.178917,0.225463659,2.429845,0.183735266,0.211109966,2.47874475,0,0,0,0,0,0,0,0,0,0,0,0
293,2024-08-09T17:00:23.3438477+03:30,49,-16,93,22,46,-9,-27,95,-0.5189212,0.228363156,2.02672148,0.428959548,-0.269096851,2.42672086,-0.356728256,0.2512931,2.26121235,0.3215625,-0.0618698671,2.49999785,-0.179376468,0.225315243,2.43019533,0.183183119,0.211054653,2.47826552,0,0,0,0,0,0,0,0,0,0,0,0
294,2024-08-09T17:00:23.3783717+03:30,50,-16,93,22,46,-9,-27,95,-0.5216777,0.2280268,2.0300138,0.42871815,-0.2692073,2.425437,-0.358034,0.251254439,2.26259041,0.321314126,-0.0619727969,2.50003958,-0.17985186,0.22518155,2.43054652,0.182664126,0.210985839,2.47780967,0,0,0,0,0,0,0,0,0,0,0,0
295,2024-08-09T17:00:23.4107750+03:30,49,-16,93,22,47,-9,-27,95,-0.524365366,0.228170246,2.0333333,0.428172767,-0.2693813,2.42659831,-0.359327167,0.2513893,2.2639842,0.32106486,-0.0620736144,2.50025845,-0.180333868,0.225054964,2.43088841,0.1822259,0.210928917,2.47743416,0,0,0,0,0,0,0,0,0,0,0,0
296,2024-08-09T17:00:23.4437115+03:30,50,-15,93,22,47,-9,-27,95,-0.5267158,0.229767978,2.03769565,0.4274134,-0.2695749,2.42889,-0.360602438,0.2516658,2.26538539,0.320829451,-0.06213401,2.5005002,-0.180817381,0.224941462,2.43122,0.181879342,0.210955575,2.477176,0,0,0,0,0,0,0,0,0,0,0,0
297,2024-08-09T17:00:23.4766679+03:30,50,-15,92,21,47,-9,-27,95,-0.528755665,0.232295409,2.04260039,0.4268887,-0.269576281,2.430257,-0.36186108,0.252065331,2.26678681,0.320624352,-0.06217974,2.50074577,-0.181316763,0.224891379,2.43157125,0.181645542,0.211049512,2.47706437,0,0,0,0,0,0,0,0,0,0,0,0
298,2024-08-09T17:00:23.5073364+03:30,53,-15,92,21,47,-10,-27,95,-0.5308725,0.23498036,2.04693866,0.426477373,-0.269351423,2.43089318,-0.363108635,0.2532385,2.26822758,0.320458263,-0.06222138,2.50095272,-0.18181704,0.224894375,2.43193579,0.181497231,0.2111813,2.477056,0,0,0,0,0,0,0,0,0,0,0,0
299,2024-08-09T17:00:23.5431607+03:30,50,-15,92,21,48,-10,-27,95,-0.5326395,0.23839578,2.051634,0.425964773,-0.269181043,2.4326427,-0.364327848,0.254614532,2.269705,0.320348829,-0.06216406,2.50107574,-0.1823087,0.224936992,2.43230677,0.1814023,0.211370528,2.477137,0,0,0,0,0,0,0,0,0,0,0,0
300,2024-08-09T17:00:23.5747696+03:30,53,-15,92,20,48,-11,-27,95,-0.5346919,0.241828486,2.055417,0.42528674,-0.2691815,2.435475,-0.365550935,0.256072849,2.27111554,0.320241272,-0.0621385872,2.50132132,-0.1827822,0.2250074,2.432675,0.181389213,0.211570054,2.47731972,0,0,0,0,0,0,0,0,0,0,0,0
301,2024-08-09T17:00:23.6089237+03:30,52,-14,91,19,48,-11,-27,95,-0.53637296,0.24582006,2.05966687,0.4242282,-0.2701062,2.440515,-0.366689771,0.257528245,2.27252483,0.320131183,-0.0621439,2.501714,-0.18323037,0.2250999,2.43303347,0.181466877,0.211780772,2.47762322,0,0,0,0,0,0,0,0,0,0,0,0
302,2024-08-09T17:00:23.6384236+03:30,55,-14,90,19,48,-12,-27,95,-0.538276255,0.2495602,2.063119,0.423227549,-0.2706523,2.44365335,-0.367810041,0.259445518,2.27383471,0.320024371,-0.0621672235,2.50225782,-0.1836447,0.225222424,2.433392,0.181613341,0.21199,2.4780066,0,0,0,0,0,0,0,0,0,0,0,0
303,2024-08-09T17:00:23.6716716+03:30,54,-15,89,18,49,-13,-27,95,-0.540277243,0.253066182,2.06601763,0.422502637,-0.271261781,2.44510531,-0.3688777,0.2617025,2.27505875,0.320014119,-0.062195126,2.502782,-0.184026361,0.225362971,2.433742,0.181815311,0.212182924,2.47844148,0,0,0,0,0,0,0,0,0,0,0,0
304,2024-08-09T17:00:23.7089278+03:30,57,-15,89,18,49,-14,-27,95,-0.542306364,0.25637418,2.06855488,0.421791047,-0.271458179,2.44546413,-0.369806,0.264244974,2.276293,0.320104569,-0.0622289851,2.50320077,-0.184376076,0.22551401,2.434078,0.182058185,0.212357759,2.47890639,0,0,0,0,0,0,0,0,0,0,0,0
305,2024-08-09T17:00:23.7396802+03:30,60,-15,88,19,49,-15,-27,95,-0.54400456,0.259962,2.07190061,0.421148866,-0.271375924,2.44523716,-0.370624363,0.266963363,2.27752185,0.320194155,-0.06229049,2.50361753,-0.184695363,0.225671,2.434397,0.182325125,0.212512821,2.47938061,0,0,0,0,0,0,0,0,0,0,0,0
306,2024-08-09T17:00:23.7757732+03:30,63,-15,91,19,49,-16,-26,95,-0.5458624,0.2634724,2.07497621,0.420507342,-0.2719505,2.446232,-0.371356279,0.26976794,2.278723,0.320197225,-0.0624206476,2.5042212,-0.184990808,0.225829661,2.43469667,0.1826139,0.2126118,2.47986531,0,0,0,0,0,0,0,0,0,0,0,0
307,2024-08-09T17:00:23.8078589+03:30,66,-15,90,19,49,-17,-26,95,-0.547776937,0.266843945,2.07781363,0.419976979,-0.27210775,2.44664478,-0.372021258,0.272601128,2.279912,0.320147,-0.06258968,2.50495219,-0.185262233,0.22598511,2.43497467,0.1829143,0.212671712,2.48034668,0,0,0,0,0,0,0,0,0,0,0,0
308,2024-08-09T17:00:23.8430195+03:30,68,-16,90,19,49,-18,-26,95,-0.5496949,0.270044744,2.080427,0.4198684,-0.27282843,2.44600368,-0.372629076,0.275409132,2.28108263,0.320068568,-0.0627788,2.50574875,-0.1855109,0.226137683,2.43523049,0.183219284,0.212706581,2.48081923,0,0,0,0,0,0,0,0,0,0,0,0
309,2024-08-09T17:00:23.8775147+03:30,71,-16,90,19,49,-19,-26,95,-0.551591039,0.273058057,2.0828414,0.419662565,-0.273949444,2.446894,-0.373195738,0.2781548,2.28223348,0.3199266,-0.062892,2.50654554,-0.18573916,0.226284117,2.43546367,0.183307752,0.212681174,2.48103166,0,0,0,0,0,0,0,0,0,0,0,0
310,2024-08-09T17:00:23.9066160+03:30,73,-16,89,19,49,-20,-26,95,-0.553508639,0.2758037,2.0850327,0.419439882,-0.2752764,2.44853377,-0.373771161,0.2805117,2.28348112,0.319750279,-0.06295123,2.50731659,-0.185948253,0.226422712,2.435676,0.183244422,0.212613165,2.48106384,0,0,0,0,0,0,0,0,0,0,0,0
311,2024-08-09T17:00:23.9422871+03:30,74,-16,90,19,49,-20,-26,96,-0.5554293,0.2782839,2.087034,0.419191629,-0.275845677,2.4492135,-0.374352366,0.282456428,2.284833,0.319624662,-0.06300217,2.50788736,-0.186141133,0.226555675,2.43586946,0.183180109,0.212570727,2.481127,0,0,0,0,0,0,0,0,0,0,0,0
312,2024-08-09T17:00:23.9744476+03:30,73,-17,89,19,50,-21,-26,96,-0.557259738,0.280867845,2.0894134,0.4187911,-0.276065,2.45113683,-0.374935925,0.2841975,2.2863934,0.319462538,-0.0629284,2.50826,-0.18632175,0.226672769,2.43604255,0.183119282,0.212553129,2.48120975,0,0,0,0,0,0,0,0,0,0,0,0
313,2024-08-09T17:00:24.0106077+03:30,75,-17,89,19,50,-22,-26,96,-0.5591673,0.283204228,2.09183431,0.418444932,-0.276847869,2.453811,-0.375489265,0.285886049,2.28806233,0.319327652,-0.062886104,2.50859642,-0.18648994,0.226775721,2.43619657,0.183070213,0.212559357,2.481304,0,0,0,0,0,0,0,0,0,0,0,0
314,2024-08-09T17:00:24.0435437+03:30,76,-17,88,18,50,-22,-26,96,-0.561127245,0.285222381,2.094191,0.417957664,-0.277376175,2.4569037,-0.376016438,0.287495583,2.2897296,0.3192267,-0.06289594,2.50904655,-0.186643049,0.2268637,2.4363327,0.183105454,0.212570086,2.4814918,0,0,0,0,0,0,0,0,0,0,0,0
315,2024-08-09T17:00:24.0813860+03:30,78,-17,88,17,50,-23,-26,96,-0.5626389,0.286953449,2.097459,0.417456269,-0.277649343,2.459513,-0.3765451,0.289059669,2.29133415,0.319183618,-0.06291876,2.50953627,-0.18677552,0.2269449,2.43645644,0.1832047,0.212600842,2.481748,0,0,0,0,0,0,0,0,0,0,0,0
316,2024-08-09T17:00:24.1105035+03:30,80,-18,87,17,50,-24,-26,96,-0.5645178,0.288077325,2.10010958,0.416922629,-0.2777575,2.46218276,-0.377062231,0.290519655,2.29275751,0.31915462,-0.06292037,2.51003623,-0.186890811,0.227017716,2.4365685,0.1831703,0.21255,2.481807,0,0,0,0,0,0,0,0,0,0,0,0
317,2024-08-09T17:00:24.1424594+03:30,79,-18,86,16,51,-24,-26,96,-0.5666202,0.2886986,2.10225177,0.4164155,-0.277920425,2.4648726,-0.377549767,0.2918711,2.2940526,0.319140524,-0.0629094,2.510516,-0.1869827,0.227078736,2.43666625,0.1830424,0.21244137,2.48172569,0,0,0,0,0,0,0,0,0,0,0,0
318,2024-08-09T17:00:24.1747145+03:30,81,-19,86,16,51,-25,-26,96,-0.568846,0.288819045,2.10396957,0.41589874,-0.277940631,2.467527,-0.378012747,0.2931175,2.29523873,0.319131166,-0.0628766,2.51102114,-0.187056139,0.2271245,2.43675041,0.182835042,0.212281838,2.481514,0,0,0,0,0,0,0,0,0,0,0,0
319,2024-08-09T17:00:24.2074709+03:30,84,-19,85,16,51,-26,-26,96,-0.5703911,0.288523346,2.1066525,0.4154293,-0.277894,2.469991,-0.3784697,0.294254273,2.29633784,0.319122851,-0.0628341,2.51152158,-0.187112033,0.2271612,2.436825,0.182580814,0.212094754,2.48122859,0,0,0,0,0,0,0,0,0,0,0,0
320,2024-08-09T17:00:24.2439485+03:30,85,-19,85,15,51,-26,-26,96,-0.5723741,0.287671149,2.108426,0.415279925,-0.277504563,2.47063136,-0.378898084,0.295237333,2.29734969,0.319242,-0.06290966,2.51193547,-0.187148944,0.227194041,2.43689728,0.182596177,0.211935118,2.481205,0,0,0,0,0,0,0,0,0,0,0,0
321,2024-08-09T17:00:24.2743948+03:30,87,-19,85,15,51,-26,-26,96,-0.5739441,0.286739379,2.11125565,0.415338516,-0.277641535,2.47122121,-0.3794106,0.295394927,2.298339,0.319379956,-0.06304257,2.512425,-0.187170267,0.227221653,2.4369657,0.182731763,0.211780235,2.48130441,0,0,0,0,0,0,0,0,0,0,0,0
322,2024-08-09T17:00:24.3075797+03:30,88,-19,85,15,51,-26,-26,96,-0.5750121,0.286000669,2.11442924,0.415514,-0.278169781,2.47186327,-0.37998572,0.294933081,2.29930639,0.3195534,-0.0632997453,2.51296139,-0.187176719,0.227243155,2.4370327,0.1830672,0.211630791,2.48170328,0,0,0,0,0,0,0,0,0,0,0,0
323,2024-08-09T17:00:24.3380815+03:30,86,-19,85,16,52,-26,-26,96,-0.575719833,0.285421759,2.11774731,0.415881544,-0.278106719,2.4713552,-0.38059935,0.2940293,2.30024815,0.3197074,-0.06363725,2.513561,-0.187168866,0.227256954,2.437097,0.18354544,0.211506069,2.48230934,0,0,0,0,0,0,0,0,0,0,0,0
324,2024-08-09T17:00:24.3733204+03:30,87,-19,86,16,52,-26,-26,96,-0.5765095,0.284366965,2.12072849,0.416321933,-0.2779434,2.47016978,-0.381226271,0.292836,2.30114937,0.3199239,-0.06394175,2.51384473,-0.187151089,0.22726649,2.43716,0.18382585,0.211289331,2.48262215,0,0,0,0,0,0,0,0,0,0,0,0
325,2024-08-09T17:00:24.4086454+03:30,87,-18,87,16,52,-25,-26,96,-0.577071369,0.283198833,2.12392426,0.416936249,-0.277666628,2.468354,-0.381808341,0.29166165,2.30200982,0.320160121,-0.06420587,2.51398921,-0.187127069,0.227273136,2.43722153,0.1840496,0.211081415,2.48282647,0,0,0,0,0,0,0,0,0,0,0,0
326,2024-08-09T17:00:24.4397908+03:30,85,-18,87,17,53,-25,-26,96,-0.5774889,0.282100648,2.12713742,0.417662859,-0.277294427,2.46616364,-0.382390767,0.290348858,2.30282784,0.3203937,-0.06444825,2.51416445,-0.187099785,0.2272769,2.43728185,0.18433854,0.210946932,2.4831636,0,0,0,0,0,0,0,0,0,0,0,0
327,2024-08-09T17:00:24.4754474+03:30,86,-18,88,17,53,-25,-26,96,-0.578070045,0.280634046,2.13001275,0.41817075,-0.2773757,2.46600628,-0.3829389,0.2890819,2.30360723,0.320655763,-0.06467453,2.514334,-0.1870713,0.227271944,2.437341,0.184684411,0.210858181,2.48358655,0,0,0,0,0,0,0,0,0,0,0,0
328,2024-08-09T17:00:24.5062399+03:30,86,-17,88,17,53,-24,-26,96,-0.578718066,0.278962046,2.13261914,0.418705523,-0.276964426,2.46506023,-0.383518428,0.28765282,2.30437875,0.3209182,-0.0648285449,2.51454282,-0.18704465,0.227259144,2.43739843,0.184996754,0.210806862,2.48396254,0,0,0,0,0,0,0,0,0,0,0,0
329,2024-08-09T17:00:24.5435483+03:30,84,-17,88,17,54,-24,-26,96,-0.5793943,0.277192831,2.134984,0.4190863,-0.2765934,2.46540332,-0.384120971,0.286067128,2.30512667,0.321143061,-0.06489055,2.51479721,-0.187021211,0.2272385,2.4374547,0.185199648,0.210782066,2.48424315,0,0,0,0,0,0,0,0,0,0,0,0
330,2024-08-09T17:00:24.5790280+03:30,84,-17,89,17,54,-23,-26,96,-0.5800657,0.275389552,2.13714838,0.4194174,-0.2764922,2.466351,-0.384730518,0.284374744,2.305834,0.321292,-0.0648525059,2.51506186,-0.1870055,0.227206185,2.43751144,0.185181931,0.210722983,2.48426223,0,0,0,0,0,0,0,0,0,0,0,0
331,2024-08-09T17:00:24.6113300+03:30,85,-17,89,17,54,-23,-26,96,-0.5806531,0.2735129,2.13920331,0.420054317,-0.2769218,2.466308,-0.385332435,0.2826215,2.30648971,0.32138297,-0.06475547,2.515309,-0.186996788,0.227159768,2.43756652,0.185019284,0.21064353,2.48410726,0,0,0,0,0,0,0,0,0,0,0,0
332,2024-08-09T17:00:24.6447852+03:30,81,-16,90,18,55,-22,-26,97,-0.5811629,0.271613419,2.14116979,0.4207377,-0.277443767,2.465645,-0.385918736,0.280819446,2.30708718,0.321390569,-0.06463733,2.51564932,-0.1869943,0.227102831,2.43762183,0.184854448,0.21060054,2.48393369,0,0,0,0,0,0,0,0,0,0,0,0
333,2024-08-09T17:00:24.6795054+03:30,82,-16,90,18,55,-22,-26,97,-0.581609368,0.2697126,2.14306664,0.4210553,-0.277645439,2.46625757,-0.386489481,0.279006332,2.30763316,0.321307331,-0.0645001158,2.51602674,-0.187003255,0.227005675,2.43767047,0.184602946,0.210554749,2.48369813,0,0,0,0,0,0,0,0,0,0,0,0
334,2024-08-09T17:00:24.7134364+03:30,81,-16,90,18,55,-21,-26,97,-0.5821924,0.267457038,2.14459729,0.4212194,-0.277981162,2.46761441,-0.387027323,0.277264774,2.30811071,0.321154,-0.0643376261,2.51645684,-0.187029,0.226863116,2.43771124,0.184282735,0.210506573,2.4834044,0,0,0,0,0,0,0,0,0,0,0,0
