FrameNumber,Timestamp,LeftElbowYaw,LeftElbowRoll,RightElbowYaw,RightElbowRoll,LeftShoulderRoll,LeftShoulderPitch,RightShoulderRoll,RightShoulderPitch,LeftWristX,LeftWristY,LeftWristZ,RightWristX,RightWristY,RightWristZ,LeftElbowX,LeftElbowY,LeftElbowZ,RightElbowX,RightElbowY,RightElbowZ,LeftShoulderX,LeftShoulderY,LeftShoulderZ,RightShoulderX,RightShoulderY,RightShoulderZ,LeftWristColorX,LeftWristColorY,RightWristColorX,RightWristColorY,LeftElbowColorX,LeftElbowColorY,RightElbowColorX,RightElbowColorY,LeftShoulderColorX,LeftShoulderColorY,RightShoulderColorX,RightShoulderColorY,1,2024-08-09T16:56:33.3944747+03:30,-18,-13,120,17,16,-17,-22,100,-0.325861543,0.387212932,1.93565583,0.31779325,-0.266341567,2.49847054,-0.3123811,0.308749855,2.13895559,0.183813572,-0.0312817059,2.5275116,-0.243670478,0.239847675,2.364743,0.07990937,0.21926868,2.48410225,232,155,0,316,242,185,356,267,265,208,335,215
2,2024-08-09T16:56:33.4377897+03:30,-10,-13,119,16,16,-17,-22,100,-0.323845059,0.3853579,1.91932392,0.313285381,-0.261509746,2.50081682,-0.312356472,0.308656931,2.13914442,0.183820039,-0.0306716859,2.52610064,-0.2442776,0.239668712,2.36456,0.07886076,0.219810545,2.48289084,232,155,0,315,242,185,356,266,264,208,335,215
3,2024-08-09T16:56:33.4585511+03:30,-12,-13,115,15,16,-17,-23,100,-0.3249518,0.385754645,1.923814,0.305503726,-0.254967749,2.50460148,-0.31229955,0.308585346,2.13936353,0.183373019,-0.03004819,2.525053,-0.2448615,0.239561036,2.36441135,0.07764333,0.2202457,2.48121643,232,155,0,314,242,185,356,266,264,208,334,215
4,2024-08-09T16:56:33.4876882+03:30,-14,-13,113,14,16,-17,-23,100,-0.3257606,0.386034369,1.92710268,0.2982019,-0.248842359,2.50615215,-0.312308758,0.308505923,2.139582,0.182691172,-0.0295578875,2.52404046,-0.245310739,0.239497229,2.36430883,0.0763514,0.220576569,2.479486,232,155,0,312,242,185,356,266,264,208,334,215
5,2024-08-09T16:56:33.5198236+03:30,-15,-13,109,14,16,-17,-23,100,-0.3263483,0.386131883,1.929728,0.2946802,-0.25342378,2.50540066,-0.312245846,0.3083558,2.140015,0.181893528,-0.0294975787,2.52295518,-0.245832577,0.2395067,2.36424255,0.07543828,0.22082524,2.47820926,232,155,0,313,242,185,356,266,264,208,334,215
6,2024-08-09T16:56:33.5539338+03:30,-16,-13,106,13,16,-17,-23,100,-0.3268405,0.386106253,1.93146122,0.2921154,-0.256863177,2.504592,-0.312241882,0.308259875,2.140238,0.180823252,-0.0298256073,2.520722,-0.2465713,0.239547163,2.36418557,0.07459136,0.221169114,2.477101,232,155,0,314,242,185,355,266,264,208,334,214
7,2024-08-09T16:56:33.5881350+03:30,-16,-13,105,12,16,-17,-23,99,-0.3272453,0.386073321,1.93260872,0.289816678,-0.2599299,2.50182962,-0.312229574,0.308224022,2.140348,0.179921657,-0.0303073414,2.51835728,-0.247197613,0.239601031,2.36413479,0.07397294,0.221479312,2.47627974,232,155,0,315,242,185,355,266,264,208,334,214
8,2024-08-09T16:56:33.6193982+03:30,-18,-12,104,14,15,-17,-22,99,-0.3275232,0.3859728,1.93335891,0.286929935,-0.264719069,2.49358344,-0.3122272,0.308184654,2.140417,0.179022044,-0.0307442546,2.51666284,-0.247675,0.2396551,2.364131,0.0735158846,0.221771121,2.475648,232,155,0,315,242,185,355,266,264,208,333,214
9,2024-08-09T16:56:33.6509004+03:30,-18,-12,102,14,15,-17,-22,99,-0.327806145,0.385851115,1.9336319,0.28540355,-0.2688622,2.48864532,-0.312182516,0.308233559,2.14028263,0.1780006,-0.03125245,2.515569,-0.24807477,0.239678025,2.364125,0.0731062442,0.221882135,2.47492671,232,156,0,316,242,185,355,267,264,208,333,214
10,2024-08-09T16:56:33.6843050+03:30,-18,-11,100,15,15,-17,-22,99,-0.3281489,0.38556388,1.93340516,0.284211636,-0.272624075,2.4851,-0.312169254,0.3082419,2.13986731,0.176930413,-0.0316391475,2.514835,-0.248458073,0.239616483,2.36408067,0.07268363,0.222050071,2.474266,232,156,0,317,242,185,355,267,263,208,333,214
11,2024-08-09T16:56:33.7182325+03:30,-18,-11,99,15,15,-17,-22,99,-0.328604251,0.384971,1.93304968,0.283357471,-0.2756355,2.48278618,-0.312158644,0.3082223,2.13954616,0.176024556,-0.03216457,2.51387835,-0.248766869,0.239561528,2.36404753,0.07237146,0.222132877,2.47369528,231,156,0,318,242,185,355,267,263,208,333,214
12,2024-08-09T16:56:33.7510026+03:30,-17,-11,99,15,15,-17,-22,99,-0.3288629,0.3843208,1.93286085,0.282558918,-0.276426256,2.482235,-0.312073916,0.308077574,2.139463,0.17540884,-0.0325825252,2.51283956,-0.248763055,0.239322066,2.363945,0.0720415,0.222215727,2.47313619,231,156,0,318,242,185,354,267,263,208,333,214
13,2024-08-09T16:56:33.7865904+03:30,-17,-11,99,15,15,-17,-22,99,-0.329067171,0.383683115,1.932655,0.2818326,-0.276957184,2.48174667,-0.311983645,0.3078906,2.13940787,0.174925447,-0.0329469331,2.51164436,-0.248823538,0.239097565,2.363821,0.0720562041,0.2225755,2.47303867,231,156,0,318,242,185,354,267,263,208,333,214
14,2024-08-09T16:56:33.8188106+03:30,-16,-11,99,13,15,-17,-22,98,-0.329140216,0.382963628,1.93239474,0.2809649,-0.276581526,2.48383951,-0.311922669,0.307645,2.13936424,0.17454119,-0.0333503522,2.51048732,-0.2488762,0.238933116,2.36372733,0.0721771345,0.222915053,2.47310424,231,156,0,318,242,185,354,267,263,208,333,214
15,2024-08-09T16:56:33.8555743+03:30,-16,-11,104,13,15,-17,-21,98,-0.329159051,0.382051557,1.93243289,0.2800166,-0.275612324,2.48566055,-0.3119483,0.306964517,2.13956761,0.174314588,-0.0337300375,2.50947332,-0.248924077,0.238757938,2.36363268,0.0723248348,0.223185316,2.473196,231,157,0,318,242,186,354,267,263,208,333,214
16,2024-08-09T16:56:33.8866740+03:30,-15,-11,104,13,15,-17,-21,98,-0.3291149,0.3809423,1.93233573,0.279638618,-0.274805158,2.486018,-0.312049776,0.306216717,2.139716,0.1741736,-0.0340619981,2.50860858,-0.249193311,0.238654941,2.3635726,0.07240408,0.223378569,2.473209,231,157,0,318,242,186,354,267,263,208,333,214
17,2024-08-09T16:56:33.9174847+03:30,-15,-11,104,13,15,-17,-21,98,-0.329060584,0.380010575,1.93154776,0.2790928,-0.274076551,2.48530555,-0.312373638,0.3054255,2.1391263,0.174030185,-0.0341293924,2.50772214,-0.249419734,0.238565847,2.36353612,0.0721349344,0.2235765,2.47266579,231,157,0,317,242,186,354,267,263,208,333,214
18,2024-08-09T16:56:33.9553607+03:30,-17,-11,106,11,15,-16,-21,98,-0.328988075,0.377881944,1.93024313,0.2780107,-0.2695637,2.49067187,-0.312617928,0.304705054,2.13848662,0.1740745,-0.0344350971,2.506929,-0.249632508,0.23835662,2.36342955,0.0720609352,0.223524943,2.47218323,231,158,0,316,242,186,354,267,263,208,333,214
19,2024-08-09T16:56:33.9925017+03:30,-16,-11,107,11,15,-16,-21,98,-0.3291267,0.376084715,1.92930675,0.278272629,-0.269554645,2.49020982,-0.312834024,0.303918421,2.13805532,0.174192384,-0.0348860845,2.50638127,-0.2497691,0.238169864,2.3633163,0.0721432,0.223340288,2.47188973,231,158,0,316,242,186,354,267,263,208,333,214
20,2024-08-09T16:56:34.0225551+03:30,-15,-11,107,11,15,-16,-21,98,-0.32929635,0.3745446,1.92858016,0.278677166,-0.270035416,2.49006462,-0.313040346,0.303055882,2.13771224,0.174257144,-0.03529754,2.50600719,-0.249858111,0.238000736,2.36320615,0.07223485,0.223184556,2.47164345,231,159,0,316,242,187,354,268,263,208,333,214
21,2024-08-09T16:56:34.0548756+03:30,-14,-11,107,12,15,-16,-21,98,-0.32953915,0.373343617,1.92779994,0.2787606,-0.2702878,2.488991,-0.313244075,0.302189082,2.137187,0.174333975,-0.0356972627,2.50564861,-0.249932811,0.237882525,2.36311221,0.0722702742,0.222985625,2.47131252,231,159,0,317,242,187,354,268,263,208,333,214
22,2024-08-09T16:56:34.0867244+03:30,-14,-11,108,11,15,-16,-21,97,-0.329926223,0.3719881,1.92717075,0.278951079,-0.2701843,2.48815274,-0.3135082,0.30133763,2.13686275,0.174351662,-0.0361430869,2.50505137,-0.250001162,0.2377807,2.3630228,0.0723168,0.2228463,2.47112679,231,159,0,317,242,187,354,268,263,208,333,214
23,2024-08-09T16:56:34.1195009+03:30,-13,-11,108,11,15,-16,-21,97,-0.3304216,0.370522052,1.92652118,0.279531568,-0.2716362,2.48647714,-0.313803852,0.300554842,2.13656974,0.174400553,-0.0365081653,2.5046103,-0.2500451,0.237680569,2.36292,0.07235162,0.222712949,2.470863,231,160,0,317,242,187,354,268,263,208,333,214
24,2024-08-09T16:56:34.1555982+03:30,-17,-11,108,11,15,-15,-21,97,-0.33084482,0.36941877,1.92581654,0.279921025,-0.272586942,2.48505116,-0.314162463,0.2997714,2.13610482,0.174457848,-0.0368856,2.50426173,-0.249195412,0.237046272,2.36232567,0.0723556355,0.222484455,2.470414,230,160,0,317,242,187,354,268,263,208,333,214
25,2024-08-09T16:56:34.1865832+03:30,-16,-12,108,11,16,-15,-21,97,-0.331249237,0.3686889,1.92513776,0.280136883,-0.272769064,2.48409176,-0.314504236,0.29897505,2.13552928,0.174560532,-0.0373417772,2.504051,-0.248636186,0.236620158,2.361917,0.07246255,0.22220704,2.47014737,230,160,0,317,242,188,354,268,263,208,333,214
26,2024-08-09T16:56:34.2182406+03:30,-16,-12,108,12,16,-15,-21,97,-0.332084864,0.36693,1.92564845,0.280145,-0.273159236,2.483182,-0.3149271,0.297566056,2.1362505,0.174472138,-0.037770614,2.50388622,-0.248356491,0.2362886,2.36172247,0.07254994,0.222030431,2.47000337,230,161,0,317,242,188,354,268,263,208,333,214
27,2024-08-09T16:56:34.2511170+03:30,-15,-12,107,11,16,-15,-21,97,-0.332955033,0.365224957,1.92604733,0.2792159,-0.2732038,2.4833436,-0.315314263,0.29623577,2.136854,0.174288437,-0.0381572358,2.50378418,-0.24831216,0.236087888,2.36165261,0.07254768,0.221861839,2.469803,230,161,0,317,242,188,354,268,263,208,333,214
28,2024-08-09T16:56:34.2852243+03:30,-14,-12,105,13,16,-15,-21,98,-0.334186852,0.362896442,1.92608845,0.278573066,-0.274174184,2.481961,-0.3156536,0.2950836,2.13731933,0.173927516,-0.0382808968,2.50376058,-0.248481438,0.236108258,2.36172,0.07197416,0.221585512,2.46876836,229,162,0,318,242,188,354,268,263,208,333,214
29,2024-08-09T16:56:34.3180023+03:30,-17,-11,105,13,16,-14,-21,98,-0.3359128,0.3601495,1.92563641,0.277759,-0.274715126,2.48147869,-0.316051662,0.293973267,2.13737679,0.173497856,-0.0384597667,2.50387573,-0.248696044,0.236174017,2.36181879,0.07156972,0.221380472,2.468029,229,163,0,318,242,188,354,268,263,208,333,214
30,2024-08-09T16:56:34.3503789+03:30,-16,-11,104,13,16,-14,-21,98,-0.3372809,0.357552,1.92610264,0.2771708,-0.2750527,2.48062277,-0.316598058,0.292297453,2.138174,0.173111558,-0.0386098363,2.50399017,-0.2490352,0.23633875,2.36199641,0.07131645,0.221304759,2.46756363,228,163,0,318,242,188,354,268,263,208,333,214
31,2024-08-09T16:56:34.3858021+03:30,-14,-11,104,14,16,-14,-21,98,-0.3392048,0.3541543,1.92594528,0.2770057,-0.2751403,2.476469,-0.317259043,0.2906136,2.13851976,0.172650546,-0.0387732275,2.50436735,-0.249496758,0.236444741,2.36220312,0.07105833,0.221180573,2.467131,228,164,0,318,242,189,354,268,263,208,333,214
32,2024-08-09T16:56:34.4204842+03:30,-17,-12,104,14,17,-13,-21,98,-0.340571821,0.3505041,1.92697823,0.276846379,-0.275131077,2.47593141,-0.3182015,0.2879374,2.139916,0.172349587,-0.0391528979,2.50479484,-0.249976858,0.236453146,2.362381,0.0711739361,0.22095485,2.46695232,228,165,0,318,242,190,354,268,263,208,333,214
33,2024-08-09T16:56:34.4564871+03:30,-18,-12,104,14,17,-12,-21,98,-0.3419439,0.3455857,1.92748713,0.276730955,-0.2745675,2.47542572,-0.3198666,0.285295457,2.141205,0.172059685,-0.0394120738,2.50520825,-0.250373542,0.236427531,2.36259317,0.0712378,0.220801219,2.46677136,227,166,0,318,241,190,354,268,263,208,333,214
34,2024-08-09T16:56:34.4874257+03:30,-14,-13,104,15,18,-12,-21,99,-0.342946768,0.3401956,1.92775965,0.2766373,-0.274481624,2.47540569,-0.3220938,0.282008141,2.14226413,0.171704426,-0.0397158079,2.50592661,-0.250739276,0.236344263,2.362774,0.07128548,0.220488936,2.46646261,227,168,0,318,241,191,354,269,263,208,333,214
35,2024-08-09T16:56:34.5235577+03:30,-16,-13,104,16,18,-11,-21,99,-0.3438572,0.335207,1.927698,0.276455253,-0.274344325,2.47537255,-0.3237518,0.279185057,2.14292622,0.171325475,-0.039978344,2.50653458,-0.251179069,0.236237019,2.362925,0.07132892,0.220255539,2.46624184,227,169,0,318,240,192,354,269,263,208,333,214
36,2024-08-09T16:56:34.5538925+03:30,-10,-15,104,15,19,-10,-21,99,-0.345346361,0.324551672,1.91782367,0.2759088,-0.2733173,2.47733545,-0.326545954,0.274566859,2.14363718,0.17112717,-0.0403034128,2.50705147,-0.251624525,0.235899344,2.363041,0.07142029,0.219914183,2.46604419,226,172,0,318,239,193,353,269,263,208,333,215
37,2024-08-09T16:56:34.5946525+03:30,-9,-15,105,15,19,-9,-21,99,-0.346435636,0.31673193,1.91061854,0.275760025,-0.2732765,2.47883272,-0.328877658,0.270393,2.14417267,0.171046346,-0.0406935364,2.507327,-0.2519831,0.235607058,2.363127,0.07163518,0.21961607,2.466108,225,174,0,317,239,194,353,269,263,209,333,215
38,2024-08-09T16:56:34.6227113+03:30,-9,-15,105,15,19,-8,-21,99,-0.3472922,0.310702354,1.90530872,0.2754545,-0.273836,2.47936153,-0.330321848,0.2668906,2.14442039,0.17095165,-0.040942166,2.50749564,-0.252272457,0.235417664,2.363216,0.07174358,0.219408259,2.46608353,224,175,0,318,239,195,353,269,263,209,333,215
39,2024-08-09T16:56:34.6582301+03:30,-7,-16,105,15,20,-7,-21,99,-0.348414242,0.2999929,1.9099189,0.275384963,-0.274263948,2.47974,-0.331341684,0.263367862,2.144547,0.17092523,-0.0412490666,2.50757551,-0.2524815,0.235261828,2.363334,0.0719041154,0.2191414,2.466041,224,178,0,318,238,196,353,269,262,209,333,215
40,2024-08-09T16:56:34.6907170+03:30,-3,-16,105,14,20,-7,-21,99,-0.349895656,0.292271048,1.91326571,0.27485016,-0.2726487,2.48182225,-0.33164227,0.260093153,2.14444327,0.171062917,-0.0415506624,2.50740123,-0.2526001,0.235132828,2.36345029,0.07206541,0.218870714,2.46598029,224,180,0,317,238,197,353,269,262,209,333,215
41,2024-08-09T16:56:34.7226675+03:30,-4,-15,106,14,20,-6,-21,99,-0.3531404,0.2849551,1.916021,0.274818927,-0.271507382,2.48308945,-0.332213044,0.256641358,2.144517,0.171377867,-0.0418275,2.506989,-0.252691567,0.235053971,2.36361623,0.07224911,0.218617156,2.46590781,223,183,0,317,238,198,354,269,262,209,333,215
42,2024-08-09T16:56:34.7552474+03:30,-13,-15,106,14,20,-4,-21,99,-0.3566709,0.280670315,1.91140556,0.2747709,-0.270802319,2.48471522,-0.333390683,0.251740843,2.137527,0.171644688,-0.0421469919,2.50642776,-0.252817959,0.234932542,2.363851,0.07240518,0.218429878,2.46585464,222,184,0,317,237,198,354,269,262,209,333,215
43,2024-08-09T16:56:34.7874073+03:30,-19,-13,107,13,19,-3,-21,99,-0.359437734,0.27702,1.90736151,0.2752137,-0.271069825,2.48534679,-0.3342831,0.2479796,2.131816,0.171853811,-0.0424359851,2.50599813,-0.252940536,0.234832436,2.364054,0.0725216,0.218298122,2.46582651,222,185,0,317,237,199,354,269,262,209,333,215
44,2024-08-09T16:56:34.8185912+03:30,-23,-13,107,14,19,-2,-21,99,-0.36185202,0.272717118,1.90369153,0.275862455,-0.271892965,2.48436642,-0.335312545,0.24486731,2.12713,0.171989843,-0.04272013,2.50568247,-0.253047973,0.234694764,2.36422515,0.07258604,0.218170583,2.46575046,221,186,0,317,236,200,354,269,262,209,333,215
45,2024-08-09T16:56:34.8525173+03:30,-15,-13,106,14,19,-2,-21,99,-0.36256,0.26564464,1.88015413,0.276358932,-0.2731356,2.48310137,-0.336079746,0.2425446,2.12371588,0.172100618,-0.0430657566,2.50544667,-0.253107935,0.234509185,2.36439133,0.07254191,0.217898831,2.465454,219,186,0,317,236,200,354,269,262,209,333,215
46,2024-08-09T16:56:34.8866647+03:30,-15,-14,106,14,19,-1,-21,99,-0.362892777,0.259698361,1.864509,0.2764309,-0.275110781,2.48222184,-0.336937159,0.239715159,2.12283444,0.17219834,-0.0434066132,2.50519538,-0.253327876,0.234133467,2.36465931,0.0724988058,0.217658535,2.46518,218,187,0,318,236,201,354,269,262,209,333,215
47,2024-08-09T16:56:34.9177865+03:30,-11,-14,105,14,19,-1,-21,99,-0.363823861,0.253762931,1.85327232,0.276389778,-0.276724368,2.48135185,-0.3375432,0.2373031,2.12239766,0.17215544,-0.04369632,2.505264,-0.253642261,0.233724892,2.365039,0.07246364,0.217473671,2.46497345,217,188,0,318,236,202,354,269,262,209,333,215
48,2024-08-09T16:56:34.9534968+03:30,-11,-14,105,14,19,0,-21,99,-0.364181578,0.24720858,1.84409606,0.276047975,-0.2770491,2.48104215,-0.338489383,0.2348285,2.121251,0.172180489,-0.0439979434,2.50544739,-0.253930718,0.233345062,2.36534262,0.0727127343,0.217454761,2.46522617,217,190,0,318,235,202,354,270,262,209,333,215
49,2024-08-09T16:56:34.9856107+03:30,-10,-14,104,14,19,1,-21,99,-0.361938149,0.236827731,1.84514713,0.27584812,-0.277530432,2.48079133,-0.338392645,0.229069,2.12829852,0.172182977,-0.04420399,2.50577831,-0.254341662,0.232878864,2.36567378,0.0728948861,0.217430517,2.46539259,217,193,0,318,236,204,354,270,262,209,333,215
50,2024-08-09T16:56:35.0233326+03:30,-10,-16,104,14,20,2,-21,99,-0.360086024,0.228040472,1.84619725,0.275815338,-0.278475642,2.48126459,-0.3386661,0.223686,2.13377237,0.172184825,-0.0444521941,2.5060463,-0.254459172,0.2322942,2.365936,0.07306399,0.217340812,2.46552157,218,196,0,319,236,206,354,270,262,209,333,215
51,2024-08-09T16:56:35.0542286+03:30,-10,-16,108,14,20,3,-20,99,-0.3583724,0.219313234,1.84698963,0.275976,-0.279177666,2.481543,-0.338936239,0.219539881,2.13776064,0.1721834,-0.0446670353,2.50624418,-0.254753232,0.231715083,2.3661797,0.0732037649,0.2172568,2.46561241,219,198,0,319,236,207,354,270,262,210,333,215
52,2024-08-09T16:56:35.0905178+03:30,-14,-18,108,14,21,5,-20,99,-0.356986672,0.209162,1.84832954,0.2759526,-0.27955997,2.481681,-0.339565754,0.2126885,2.141448,0.17214413,-0.0447936244,2.50652838,-0.255003929,0.231286287,2.366377,0.0733005852,0.217185676,2.46566129,219,201,0,319,236,208,354,270,262,210,333,215
53,2024-08-09T16:56:35.1222246+03:30,-15,-18,108,14,21,6,-20,99,-0.355802953,0.201659054,1.84907675,0.276345879,-0.280494779,2.48263431,-0.339985281,0.208769068,2.143842,0.172102287,-0.044885803,2.50674248,-0.25524193,0.230872542,2.366464,0.07338796,0.2171286,2.46569085,220,203,0,319,236,209,354,270,262,210,334,215
54,2024-08-09T16:56:35.1576053+03:30,-3,-18,108,14,21,5,-20,99,-0.3544961,0.188566819,1.848146,0.276652128,-0.280529469,2.48361039,-0.3396175,0.20899722,2.142755,0.172006115,-0.0448338874,2.506871,-0.255500168,0.2304517,2.36657238,0.07338592,0.217243016,2.46570182,220,206,0,319,236,209,354,270,262,210,334,215
55,2024-08-09T16:56:35.1896154+03:30,-2,-18,109,14,21,6,-20,99,-0.354126215,0.178690523,1.84988737,0.276805639,-0.2808486,2.48451614,-0.340342432,0.206690222,2.144796,0.171906829,-0.0448340923,2.50693369,-0.2556686,0.230068162,2.36664152,0.0734246448,0.217329487,2.465751,220,209,0,319,236,209,354,270,262,210,334,215
56,2024-08-09T16:56:35.2234983+03:30,1,-19,109,14,21,7,-20,99,-0.352971524,0.165076375,1.85189283,0.27720955,-0.280265272,2.48308253,-0.340284169,0.203084528,2.1461308,0.171857908,-0.0448442027,2.50690961,-0.2561182,0.229564622,2.36666059,0.0734672844,0.217407316,2.465816,220,214,0,319,236,210,354,270,262,210,334,215
57,2024-08-09T16:56:35.2542527+03:30,3,-19,110,14,21,8,-20,99,-0.352790117,0.152276158,1.85355806,0.277754217,-0.280451328,2.48362422,-0.339970529,0.197755083,2.14724,0.1717782,-0.0448949225,2.50692153,-0.2564915,0.22898984,2.36644149,0.07350813,0.217454076,2.46590066,220,217,0,319,236,212,354,270,262,210,334,215
58,2024-08-09T16:56:35.2855147+03:30,4,-17,110,14,20,9,-20,99,-0.353545576,0.139174327,1.85520375,0.277727544,-0.280642122,2.48362374,-0.3396681,0.192554578,2.147823,0.171757013,-0.04504443,2.50692415,-0.2571602,0.228045359,2.36607575,0.07351984,0.217355609,2.46590734,220,221,0,319,236,213,354,270,261,210,334,215
59,2024-08-09T16:56:35.3215510+03:30,8,-17,109,14,20,10,-20,99,-0.354869485,0.1245199,1.85795188,0.277620941,-0.2811041,2.48313713,-0.3395738,0.187965855,2.14847779,0.171736225,-0.0451448523,2.507063,-0.257661372,0.227357879,2.36580229,0.07352516,0.2172784,2.465919,220,225,0,319,236,215,354,270,261,210,334,215
60,2024-08-09T16:56:35.3537736+03:30,10,-17,109,14,20,11,-20,99,-0.356381178,0.111801036,1.86058819,0.2767205,-0.280996174,2.48312879,-0.339899451,0.184076726,2.14908266,0.171723753,-0.0452335,2.507214,-0.258344263,0.226511672,2.36565876,0.07353224,0.217215642,2.465942,219,228,0,319,236,216,354,270,261,210,334,215
61,2024-08-09T16:56:35.3878008+03:30,4,-18,108,14,21,13,-20,99,-0.358071685,0.108147785,1.88238323,0.275831819,-0.280859083,2.483699,-0.341586649,0.1757802,2.15162754,0.171807036,-0.0452514067,2.50734234,-0.2588394,0.2253402,2.3654387,0.0735513,0.217206284,2.46603,220,230,0,319,236,218,354,270,261,210,334,215
62,2024-08-09T16:56:35.4183739+03:30,-3,-16,107,14,21,15,-20,99,-0.3643274,0.104766816,1.89916718,0.2755372,-0.2814586,2.4843235,-0.342876881,0.169200525,2.15368724,0.171898827,-0.0451804549,2.50765276,-0.259459019,0.224448934,2.36539078,0.07359036,0.217245,2.46615076,219,231,0,319,236,219,354,270,261,210,334,215
63,2024-08-09T16:56:35.4515373+03:30,-7,-15,108,14,21,16,-20,99,-0.367958367,0.100906327,1.91153121,0.275055826,-0.280015945,2.485502,-0.342959464,0.161925554,2.15561461,0.17195785,-0.0451619476,2.50803447,-0.260244727,0.223612353,2.365394,0.07382139,0.2173835,2.46659446,219,232,0,319,236,221,354,270,261,210,334,215
64,2024-08-09T16:56:35.4857979+03:30,-18,-14,108,14,20,18,-20,99,-0.371812284,0.09722446,1.91851914,0.274897963,-0.279431522,2.48651385,-0.343067825,0.154729977,2.155049,0.17199,-0.045153778,2.50839639,-0.260911971,0.222975641,2.36546779,0.07403859,0.217530176,2.466995,219,234,0,319,236,222,354,270,261,211,334,215
65,2024-08-09T16:56:35.5190535+03:30,-24,-13,108,14,20,19,-20,99,-0.3771316,0.09248685,1.92421651,0.2749196,-0.279206067,2.486972,-0.343400151,0.148905143,2.15440679,0.171985313,-0.0451791659,2.50874019,-0.261733353,0.222413585,2.36551642,0.0741878748,0.217626736,2.46729064,218,235,0,319,235,224,354,270,261,211,334,215
66,2024-08-09T16:56:35.5510941+03:30,-29,-12,108,14,20,20,-20,99,-0.382020622,0.08795432,1.92918885,0.2751612,-0.279373527,2.487569,-0.343954861,0.144215614,2.15443468,0.1719576,-0.0452532358,2.50900269,-0.2626609,0.221921355,2.36560941,0.07425704,0.21766226,2.46748948,216,236,0,319,235,225,354,270,261,211,334,215
67,2024-08-09T16:56:35.5829000+03:30,-32,-11,109,13,20,21,-20,99,-0.386338919,0.08246808,1.93581367,0.275220156,-0.279135942,2.48905349,-0.345291972,0.1409233,2.15681577,0.171885043,-0.0451825932,2.50920963,-0.2636828,0.22146368,2.3657012,0.07423502,0.217854351,2.4677403,215,237,0,319,235,226,354,270,261,211,334,215
68,2024-08-09T16:56:35.6152723+03:30,-25,-12,109,13,20,22,-20,99,-0.385102332,0.071025975,1.9436965,0.275392532,-0.279228121,2.49026537,-0.347134173,0.137589768,2.16011953,0.17186746,-0.045209676,2.509389,-0.2646738,0.221079811,2.36584282,0.0742387548,0.217921823,2.46793747,216,241,0,319,235,227,354,270,261,211,334,215
69,2024-08-09T16:56:35.6502944+03:30,-18,-13,110,13,21,23,-20,99,-0.384779721,0.0608496033,1.94896054,0.275387138,-0.278980732,2.491544,-0.348725021,0.1347624,2.16277671,0.171856716,-0.0452374965,2.50955081,-0.2655136,0.220720351,2.36597347,0.0742401853,0.217969045,2.46807718,217,244,0,318,234,227,354,270,260,211,334,215
70,2024-08-09T16:56:35.6834585+03:30,-17,-13,110,13,21,24,-20,99,-0.385104567,0.05252104,1.95277655,0.275353044,-0.279211223,2.49267173,-0.351248,0.131131366,2.16611,0.171842486,-0.0452598222,2.50968766,-0.266259044,0.220330209,2.3660233,0.07423104,0.218002617,2.46818662,217,245,0,318,234,228,354,270,260,211,334,215
71,2024-08-09T16:56:35.7185001+03:30,-15,-14,110,13,22,25,-20,99,-0.386399865,0.0443089455,1.95646977,0.275345951,-0.27937898,2.49348354,-0.3532199,0.127696484,2.16893578,0.1718759,-0.0455954038,2.50978112,-0.266937584,0.219889075,2.366084,0.0739862546,0.2175285,2.467946,217,248,0,319,233,229,354,270,260,211,334,215
72,2024-08-09T16:56:35.7502409+03:30,-14,-14,110,12,22,26,-20,99,-0.387867838,0.0357796848,1.95971465,0.275531143,-0.2797403,2.49422479,-0.354622751,0.124028809,2.171725,0.171876386,-0.0458831079,2.50981116,-0.2674865,0.219554454,2.366198,0.07379703,0.2171607,2.4677546,216,250,0,319,233,230,354,270,260,211,334,215
73,2024-08-09T16:56:35.7867322+03:30,-6,-14,111,12,22,27,-20,99,-0.3901253,0.0167911146,1.9565419,0.275730282,-0.279745072,2.49608755,-0.3558828,0.12046285,2.17451,0.1718181,-0.046144817,2.50984788,-0.2679433,0.219298765,2.36636233,0.07337409,0.2166793,2.46730256,216,255,0,319,233,231,354,270,260,212,333,215
74,2024-08-09T16:56:35.8198457+03:30,-7,-15,111,12,23,29,-20,99,-0.391955644,0.000554989,1.95320308,0.275607735,-0.280568957,2.497579,-0.35749802,0.116018534,2.17781734,0.171696141,-0.04642699,2.50994968,-0.26851815,0.218793273,2.366433,0.073066704,0.216250673,2.4669745,215,259,0,319,233,232,354,270,260,212,333,215
75,2024-08-09T16:56:35.8516210+03:30,-13,-14,111,12,22,31,-20,99,-0.3928795,-0.0122214649,1.95285583,0.2750717,-0.2818861,2.497404,-0.356805533,0.108242296,2.18128586,0.171552211,-0.0466346852,2.51011968,-0.2689986,0.218333125,2.36655283,0.0728645548,0.216021523,2.46693921,215,263,0,319,233,234,354,270,260,212,333,215
76,2024-08-09T16:56:35.8887399+03:30,-13,-14,108,12,22,32,-20,99,-0.393169,-0.0247553568,1.95357454,0.274456978,-0.284110367,2.49398732,-0.356458724,0.102172434,2.18391633,0.171281889,-0.04685955,2.51028371,-0.269390643,0.217927068,2.36673546,0.0728582442,0.215998471,2.467241,215,266,0,320,233,236,353,270,259,212,333,215
77,2024-08-09T16:56:35.9193507+03:30,-13,-15,107,13,22,34,-20,99,-0.3931425,-0.0432763249,1.95239365,0.2742076,-0.2864344,2.49148059,-0.356158763,0.0956657156,2.185846,0.170938447,-0.0473701656,2.51070237,-0.269741565,0.217209473,2.36683822,0.0726531744,0.215461224,2.4670434,214,271,0,320,233,237,353,270,259,212,333,215
78,2024-08-09T16:56:35.9546931+03:30,-17,-14,106,13,21,36,-20,99,-0.3927995,-0.0549522452,1.95874536,0.274101347,-0.288166,2.48963165,-0.3551404,0.0899896,2.19072461,0.170769185,-0.04802498,2.51104569,-0.2700693,0.2165307,2.36698151,0.0727689341,0.214938149,2.467177,215,275,0,321,234,238,353,270,259,212,333,215
79,2024-08-09T16:56:35.9867726+03:30,-18,-14,105,15,21,37,-20,100,-0.3924454,-0.06283797,1.96666408,0.2738278,-0.289313555,2.48827434,-0.35468927,0.0829727054,2.19284534,0.170624718,-0.0486257523,2.511299,-0.270383954,0.2158411,2.36721349,0.07285465,0.214474186,2.46726418,216,276,0,321,234,240,353,271,259,212,333,215
80,2024-08-09T16:56:36.0230547+03:30,-23,-14,105,15,21,39,-20,100,-0.392139852,-0.06811951,1.97591531,0.2733519,-0.289874554,2.48720741,-0.35410884,0.07734228,2.19488573,0.170432523,-0.049161,2.51156235,-0.2707525,0.2151042,2.36751413,0.0729383,0.214121252,2.46744084,216,277,0,321,234,241,353,271,259,213,333,215
81,2024-08-09T16:56:36.0536615+03:30,-22,-13,104,15,20,40,-20,100,-0.392337471,-0.0849576,1.97448075,0.2731709,-0.290785283,2.486291,-0.3541717,0.07080326,2.19590139,0.17026107,-0.04965962,2.51191545,-0.2711703,0.214339644,2.36784029,0.073025316,0.213785186,2.467594,215,282,0,321,234,243,353,271,259,213,333,215
82,2024-08-09T16:56:36.0863617+03:30,-22,-13,104,15,20,41,-20,100,-0.3923606,-0.09757471,1.97367024,0.272723824,-0.291346759,2.48571038,-0.354316622,0.0656724051,2.19682336,0.170119792,-0.05018544,2.5120554,-0.271694243,0.213604137,2.36826682,0.0728625,0.213328674,2.467532,215,285,0,321,234,244,353,271,259,213,333,215
83,2024-08-09T16:56:36.1195937+03:30,-22,-13,103,15,20,42,-20,100,-0.392098,-0.107472889,1.9743762,0.2720913,-0.291705221,2.48570132,-0.354327,0.0607466958,2.19777369,0.170034125,-0.0506150238,2.512182,-0.2721801,0.212724328,2.36861777,0.07273012,0.212984085,2.46751618,215,288,0,322,234,246,353,271,259,213,333,215
84,2024-08-09T16:56:36.1514940+03:30,-23,-13,103,15,20,43,-20,100,-0.391753078,-0.116233371,1.97651207,0.2717386,-0.2922317,2.48583841,-0.3542572,0.0564430133,2.1995542,0.169943437,-0.05090653,2.51228046,-0.2727486,0.211920083,2.36896729,0.07246565,0.212726846,2.4674437,215,290,0,322,234,247,353,271,259,213,333,215
85,2024-08-09T16:56:36.1875552+03:30,-26,-13,103,15,19,44,-20,100,-0.39131698,-0.123483367,1.98037863,0.271595359,-0.292690575,2.48608065,-0.353991717,0.05264636,2.20319772,0.169815972,-0.0511598252,2.512399,-0.273394734,0.211275876,2.369378,0.07226151,0.212553561,2.46743083,216,292,0,322,235,247,353,271,259,214,333,215
86,2024-08-09T16:56:36.2180281+03:30,-28,-13,103,15,19,45,-20,100,-0.3907203,-0.129756242,1.984704,0.271203667,-0.292267,2.486238,-0.353885144,0.04863593,2.206388,0.1696316,-0.0514517128,2.51252246,-0.2746168,0.210059777,2.36984587,0.0717400759,0.212172836,2.467158,216,294,0,322,235,248,353,271,258,214,333,215
87,2024-08-09T16:56:36.2506691+03:30,-31,-13,103,15,19,46,-20,100,-0.390336484,-0.1358828,1.98911321,0.271130174,-0.292112648,2.48655677,-0.3536758,0.0439376645,2.210782,0.169411212,-0.05174422,2.512857,-0.275742769,0.208976224,2.370299,0.07141704,0.211881444,2.46709633,216,295,0,322,235,249,353,271,258,214,333,215
88,2024-08-09T16:56:36.2814630+03:30,-34,-14,105,15,19,47,-20,100,-0.39010942,-0.1413441,1.99304521,0.2702113,-0.287983716,2.48882079,-0.3532256,0.0403255522,2.21620655,0.168927133,-0.05189035,2.51326537,-0.276646227,0.208236322,2.370796,0.0715480745,0.212190941,2.46786237,217,296,0,321,235,250,353,271,258,214,333,215
89,2024-08-09T16:56:36.3164861+03:30,-42,-14,105,15,18,49,-20,100,-0.39002043,-0.147117749,1.99676466,0.2683816,-0.284502774,2.49142265,-0.352811366,0.0373240747,2.22094584,0.168546841,-0.0519709066,2.513586,-0.277654022,0.207600221,2.37135029,0.07170592,0.212551892,2.46863031,217,298,0,320,236,251,353,271,258,214,333,215
90,2024-08-09T16:56:36.3507917+03:30,-45,-15,106,14,18,50,-20,100,-0.3901133,-0.152219549,2.00158167,0.266175419,-0.278186262,2.49388146,-0.351874679,0.0344638675,2.22608924,0.168378681,-0.0520576164,2.51361656,-0.278539151,0.207313,2.37211823,0.07181079,0.212820217,2.46919346,217,299,0,318,236,252,353,271,257,215,333,215
91,2024-08-09T16:56:36.3834168+03:30,-51,-14,107,13,17,51,-20,99,-0.390267849,-0.156900719,2.00594163,0.264243126,-0.274255425,2.495524,-0.351265818,0.0288569927,2.2286644,0.168208644,-0.052203238,2.51352048,-0.2793173,0.207146332,2.37284422,0.07190373,0.213049486,2.46971345,217,300,0,317,236,253,353,271,257,215,333,215
92,2024-08-09T16:56:36.4183430+03:30,-53,-15,107,13,17,52,-20,99,-0.390218347,-0.161139473,2.01172686,0.265927941,-0.2781052,2.49556851,-0.35060674,0.0255983416,2.23193145,0.168089867,-0.0524670556,2.51364613,-0.280150056,0.20677,2.37338352,0.07199054,0.213050276,2.47012568,217,301,0,318,237,254,353,271,257,215,333,215
93,2024-08-09T16:56:36.4499110+03:30,-54,-15,107,13,17,53,-20,99,-0.390648,-0.1656688,2.01670146,0.266006649,-0.2792868,2.495949,-0.3498709,0.0235526375,2.235125,0.1680301,-0.05269681,2.513523,-0.280753434,0.206463173,2.373787,0.07204025,0.213097289,2.470513,217,302,0,318,237,254,353,271,257,215,333,215
94,2024-08-09T16:56:36.4861258+03:30,-56,-15,107,13,17,54,-20,99,-0.390896648,-0.169735625,2.0223465,0.266845584,-0.281979769,2.49419022,-0.349169225,0.0220160671,2.23892736,0.16799587,-0.052918762,2.513542,-0.2812758,0.2061755,2.37412167,0.0720664337,0.213061258,2.47079,217,303,0,319,237,255,353,272,257,215,333,215
95,2024-08-09T16:56:36.5211933+03:30,-61,-15,106,14,16,55,-20,99,-0.3911512,-0.173630327,2.02894354,0.2675418,-0.283984154,2.492894,-0.3489011,0.0166439749,2.24087024,0.167986825,-0.0531231239,2.51352453,-0.2816905,0.20592244,2.374394,0.072119236,0.213066459,2.47109413,217,304,0,320,237,256,353,272,257,215,333,215
96,2024-08-09T16:56:36.5502208+03:30,-62,-15,106,14,16,56,-20,99,-0.390934974,-0.177617937,2.03598261,0.2677616,-0.284551263,2.4918673,-0.348667681,0.0121820075,2.24273086,0.167992786,-0.053304214,2.51353025,-0.282042265,0.205734342,2.3746264,0.07215915,0.213069171,2.471332,218,304,0,320,237,257,353,272,257,215,333,215
97,2024-08-09T16:56:36.5867889+03:30,-63,-15,107,13,16,57,-20,99,-0.390856832,-0.181100488,2.04382634,0.2653033,-0.279321045,2.49409819,-0.348663926,0.007483268,2.24463224,0.167979136,-0.053453628,2.51355243,-0.282315731,0.205573454,2.374795,0.07214294,0.21308744,2.47153926,218,305,0,318,237,258,353,272,257,215,333,215
98,2024-08-09T16:56:36.6176576+03:30,-68,-15,107,14,15,58,-20,99,-0.390950739,-0.1840433,2.052274,0.266613573,-0.282230318,2.492823,-0.348771274,0.00322076841,2.24674058,0.167936623,-0.0537366644,2.51336837,-0.282666445,0.205341548,2.37488437,0.07211126,0.213022456,2.47169566,219,306,0,319,237,259,353,272,257,215,333,215
99,2024-08-09T16:56:36.6540075+03:30,-68,-15,106,14,15,59,-20,99,-0.390970349,-0.186955124,2.061669,0.266437918,-0.283372849,2.49166536,-0.348723769,-0.000158461553,2.2495153,0.1678856,-0.0539119877,2.51323986,-0.282953382,0.205252722,2.375006,0.07207459,0.213070184,2.47190237,219,306,0,319,237,260,353,272,256,215,333,215
100,2024-08-09T16:56:36.6907926+03:30,-68,-14,109,14,15,59,-19,99,-0.3911408,-0.190036029,2.07038164,0.2663429,-0.284496248,2.490993,-0.3488634,-0.004100425,2.25179148,0.167535231,-0.0542199872,2.513924,-0.283673227,0.20421,2.37475467,0.07191147,0.212768108,2.47177052,220,307,0,320,237,261,353,272,256,215,333,215
101,2024-08-09T16:56:36.7222799+03:30,-69,-14,109,15,15,60,-19,99,-0.391578674,-0.193063289,2.07921982,0.266726851,-0.2860404,2.489966,-0.3488002,-0.007952726,2.25414586,0.167199656,-0.0544430278,2.51448584,-0.2841769,0.203467414,2.37461352,0.07177589,0.212623566,2.47174835,220,308,0,320,237,262,352,272,256,216,333,215
102,2024-08-09T16:56:36.7557571+03:30,-70,-14,109,15,15,61,-19,99,-0.392077655,-0.196369633,2.086712,0.266943634,-0.287352055,2.48837328,-0.348719656,-0.0111564277,2.25649929,0.166777387,-0.05422885,2.51487827,-0.2845805,0.203314885,2.37485313,0.0715795159,0.213035554,2.47193861,220,308,0,320,237,262,352,272,256,216,333,215
103,2024-08-09T16:56:36.7860459+03:30,-71,-14,109,15,15,62,-19,99,-0.39266178,-0.199571237,2.093606,0.266209781,-0.284769535,2.48897,-0.3486755,-0.0138267223,2.25868034,0.16642569,-0.0541361943,2.515268,-0.2847938,0.203407645,2.37517428,0.07144417,0.2133152,2.472074,220,309,0,320,237,263,352,272,256,216,333,215
104,2024-08-09T16:56:36.8181215+03:30,-74,-13,109,15,14,62,-19,99,-0.392719418,-0.201943,2.10110283,0.266174674,-0.2853406,2.48802567,-0.348687828,-0.0160452556,2.26065469,0.1659972,-0.0542239733,2.51562333,-0.285035431,0.202781588,2.3751657,0.07131282,0.213424444,2.4720993,221,309,0,320,237,264,352,272,256,216,333,215
105,2024-08-09T16:56:36.8542005+03:30,-75,-13,110,15,14,63,-19,99,-0.3928188,-0.204176724,2.10712075,0.267035574,-0.2863065,2.48863339,-0.348807067,-0.0181950573,2.26282334,0.165676117,-0.0543391071,2.51600242,-0.285376847,0.202319622,2.375231,0.07109859,0.213394076,2.471954,221,310,0,320,237,264,352,272,256,216,333,215
106,2024-08-09T16:56:36.8862949+03:30,-76,-14,109,15,14,64,-19,99,-0.393065125,-0.206216231,2.112197,0.265211731,-0.2848037,2.49062,-0.348837942,-0.0199821386,2.265789,0.165343732,-0.0540849045,2.516406,-0.2856744,0.202421144,2.375565,0.07085353,0.213754013,2.471917,221,310,0,320,238,265,352,272,256,216,333,215
107,2024-08-09T16:56:36.9187054+03:30,-75,-13,109,16,14,64,-19,100,-0.392143965,-0.207131118,2.11904454,0.265147448,-0.285536647,2.49148965,-0.348924518,-0.0210539736,2.268781,0.165109977,-0.0539727174,2.51671648,-0.285898179,0.2024892,2.37580633,0.07056229,0.213917479,2.471777,222,310,0,320,238,265,352,272,256,216,333,215
108,2024-08-09T16:56:36.9526700+03:30,-75,-14,109,16,14,65,-19,100,-0.391286135,-0.207904875,2.12506461,0.26555407,-0.284846663,2.49247622,-0.3485261,-0.0215223581,2.272686,0.164980233,-0.0541295074,2.51700616,-0.286023617,0.202613056,2.37598014,0.070449695,0.213852227,2.47168732,222,310,0,320,238,265,352,272,256,216,333,215
109,2024-08-09T16:56:36.9811229+03:30,-76,-14,109,16,14,66,-19,100,-0.3907657,-0.209339052,2.129599,0.265121222,-0.283575237,2.49264836,-0.348189175,-0.0221143272,2.27611184,0.1649134,-0.05427257,2.51729512,-0.286180079,0.202894181,2.37623334,0.07036934,0.213792026,2.471616,222,311,0,319,238,265,352,272,256,216,333,215
110,2024-08-09T16:56:37.0182803+03:30,-77,-15,109,16,14,67,-19,100,-0.3902312,-0.210418135,2.13373327,0.264553934,-0.282717079,2.4927094,-0.347908378,-0.022708796,2.278855,0.164807364,-0.05438701,2.51752448,-0.286261261,0.203095347,2.37640047,0.07027681,0.2137894,2.47157073,222,311,0,319,238,265,352,272,256,216,333,215
111,2024-08-09T16:56:37.0511274+03:30,-76,-15,109,16,14,67,-19,100,-0.389630526,-0.211199254,2.13743114,0.265426457,-0.2851019,2.49041867,-0.347676158,-0.02358679,2.281054,0.164559528,-0.05460867,2.5177865,-0.2864596,0.2030365,2.37648249,0.07009841,0.213638663,2.47133541,222,311,0,320,238,265,352,272,256,216,333,215
112,2024-08-09T16:56:37.0874972+03:30,-77,-15,109,17,14,68,-19,100,-0.389568418,-0.213749364,2.1395824,0.266677558,-0.28745237,2.488989,-0.347389042,-0.0250821561,2.28290534,0.164466515,-0.0548263267,2.51790214,-0.286687553,0.202905655,2.37655449,0.06988672,0.213449165,2.471033,222,312,0,320,239,266,352,272,256,216,333,215
113,2024-08-09T16:56:37.1180001+03:30,-77,-15,109,17,14,68,-19,100,-0.3891052,-0.215381667,2.14181137,0.267259628,-0.288850069,2.487748,-0.347077966,-0.0261100251,2.28459144,0.164493427,-0.05499327,2.517947,-0.286875933,0.202875,2.37667155,0.069711946,0.213319108,2.47080827,223,312,0,321,239,266,352,272,256,216,333,215
114,2024-08-09T16:56:37.1549588+03:30,-76,-15,109,17,14,68,-19,100,-0.388703257,-0.216744959,2.14355016,0.267121375,-0.287411779,2.488112,-0.346816152,-0.0269152746,2.28588653,0.164484054,-0.0552104264,2.51812339,-0.287052542,0.20284462,2.37676072,0.0696144253,0.213156462,2.470633,223,312,0,320,239,266,352,272,256,216,333,215
115,2024-08-09T16:56:37.1856100+03:30,-77,-16,109,17,14,69,-19,100,-0.388337672,-0.217757717,2.14500213,0.266591072,-0.285953462,2.48867154,-0.346586674,-0.0275044981,2.28692269,0.164515421,-0.05541883,2.51819873,-0.287046283,0.20299615,2.37692332,0.0695431754,0.213036209,2.47050643,223,312,0,320,239,266,352,272,256,216,333,215
116,2024-08-09T16:56:37.2172311+03:30,-80,-16,110,17,13,69,-19,100,-0.3877155,-0.218178883,2.14665675,0.266395241,-0.284789056,2.4886992,-0.346379966,-0.0281189028,2.28783178,0.164567053,-0.0556145459,2.51823425,-0.2871013,0.203054234,2.37705231,0.06949025,0.212947458,2.4704175,223,313,0,320,239,267,352,272,256,216,333,215
117,2024-08-09T16:56:37.2547316+03:30,-80,-16,110,17,13,69,-19,100,-0.386946023,-0.218469083,2.14812326,0.266147435,-0.283840418,2.48842883,-0.346205443,-0.0286400449,2.288558,0.164634913,-0.05576804,2.518359,-0.287163764,0.203171551,2.37721777,0.06945087,0.212881684,2.47035456,224,313,0,320,239,267,352,272,255,216,333,215
118,2024-08-09T16:56:37.2905943+03:30,-79,-15,109,17,13,69,-19,100,-0.386088848,-0.218622029,2.14929652,0.266278177,-0.2846542,2.48741722,-0.34603256,-0.0292300712,2.28908515,0.164741367,-0.0559032,2.51845384,-0.28726837,0.203238159,2.37735128,0.06940749,0.212844715,2.47035217,224,313,0,320,239,267,352,272,255,216,333,215
119,2024-08-09T16:56:37.3226955+03:30,-79,-15,109,17,13,69,-19,100,-0.385287017,-0.218615934,2.15024829,0.266278177,-0.284959763,2.486929,-0.345820278,-0.0295022763,2.28968,0.1648543,-0.05601662,2.51867533,-0.287349671,0.203398675,2.37756157,0.06939481,0.212820232,2.47041631,224,313,0,320,239,267,352,272,255,216,333,215
120,2024-08-09T16:56:37.3548103+03:30,-78,-16,109,17,13,69,-19,100,-0.3845819,-0.218698546,2.15088129,0.266006023,-0.2848833,2.48688745,-0.34566173,-0.0297146086,2.290148,0.164837331,-0.05591482,2.51882124,-0.287418783,0.203536928,2.37772155,0.06904662,0.212882057,2.47020817,224,313,0,320,239,267,352,272,255,216,332,215
121,2024-08-09T16:56:37.3911453+03:30,-79,-17,109,17,13,70,-19,100,-0.383996457,-0.218857184,2.1513164,0.2650402,-0.283355743,2.48784661,-0.345470756,-0.0301913656,2.29046178,0.164807737,-0.0558549762,2.51892519,-0.287514627,0.203720763,2.377868,0.06862613,0.21287325,2.46994,225,313,0,320,239,267,352,272,255,216,332,215
122,2024-08-09T16:56:37.4225272+03:30,-79,-17,105,17,13,70,-20,100,-0.3834846,-0.219088376,2.15157533,0.264285475,-0.282187879,2.488483,-0.345305532,-0.03055367,2.29070163,0.164968,-0.0557885021,2.5189,-0.287673682,0.203939512,2.3780086,0.0682305545,0.2128576,2.469727,225,313,0,319,239,267,352,272,255,216,332,215
123,2024-08-09T16:56:37.4542873+03:30,-78,-17,107,16,13,70,-20,100,-0.383099735,-0.219269,2.15175438,0.26253134,-0.275929242,2.49313712,-0.345191777,-0.0308102425,2.29087853,0.165001363,-0.05575214,2.51897,-0.287807,0.204104275,2.3781085,0.06792233,0.212894589,2.469634,225,313,0,318,239,267,352,272,255,215,332,215
124,2024-08-09T16:56:37.4865227+03:30,-78,-17,108,15,13,70,-20,100,-0.382746726,-0.219455212,2.15180779,0.261249542,-0.2713933,2.49648952,-0.3451087,-0.0309975166,2.29099965,0.164897963,-0.05576674,2.51909113,-0.287896574,0.204285383,2.378183,0.06761058,0.212907553,2.46952772,225,313,0,317,239,267,352,272,255,215,332,215
125,2024-08-09T16:56:37.5181002+03:30,-78,-17,109,14,13,70,-20,100,-0.38242206,-0.219505265,2.1518054,0.25962767,-0.2686548,2.50060749,-0.3450029,-0.0311882757,2.29104257,0.164613649,-0.0557322465,2.519204,-0.287983477,0.204462737,2.37825322,0.06730307,0.213050529,2.469467,225,313,0,316,239,267,352,272,255,215,332,215
126,2024-08-09T16:56:37.5556600+03:30,-78,-17,108,15,13,70,-20,101,-0.382122874,-0.2195623,2.151747,0.259709746,-0.268883169,2.50139427,-0.34490332,-0.0314622745,2.29094744,0.164374843,-0.0557505339,2.519382,-0.288031518,0.2046033,2.37830019,0.06708,0.213162452,2.46950865,225,313,0,316,239,267,352,272,255,215,332,215
127,2024-08-09T16:56:37.5879606+03:30,-78,-17,109,15,13,70,-20,101,-0.381723762,-0.219633967,2.15159917,0.259901971,-0.270223677,2.50371981,-0.3448157,-0.0316854045,2.290898,0.164022088,-0.0559046827,2.51962256,-0.288046,0.204639673,2.37821722,0.06693602,0.2131959,2.46957326,225,313,0,316,240,267,352,272,255,215,332,215
128,2024-08-09T16:56:37.6191509+03:30,-77,-17,112,15,13,70,-19,101,-0.3811002,-0.219616264,2.15148973,0.260335863,-0.2725592,2.50446486,-0.3447365,-0.0321803056,2.290742,0.163644433,-0.0561641157,2.51995158,-0.2880811,0.204549372,2.37811136,0.06686475,0.21316731,2.4697504,225,313,0,317,240,267,352,272,255,215,332,215
129,2024-08-09T16:56:37.6504668+03:30,-77,-17,112,15,13,70,-19,101,-0.380166173,-0.218112215,2.15232825,0.260615617,-0.2747023,2.50520515,-0.344653,-0.03261222,2.29061079,0.163341269,-0.0564798228,2.52017713,-0.2882841,0.2038332,2.37766123,0.06678443,0.213064775,2.46987319,226,312,0,317,240,267,352,272,255,216,332,215
130,2024-08-09T16:56:37.6826318+03:30,-77,-17,113,14,13,70,-19,100,-0.3794784,-0.217034012,2.152928,0.2606735,-0.276490778,2.50565863,-0.344590068,-0.03292435,2.2905128,0.163116947,-0.05667592,2.5203104,-0.288426667,0.203315124,2.37732887,0.0668119043,0.213223577,2.47038555,226,312,0,318,240,267,351,272,255,216,332,215
131,2024-08-09T16:56:37.7210800+03:30,-77,-17,113,13,13,70,-19,100,-0.37889415,-0.21625784,2.15331459,0.259458661,-0.276550442,2.50842333,-0.344545841,-0.03300787,2.29052019,0.162915885,-0.05691045,2.52013135,-0.2883342,0.2032774,2.37727642,0.0667499,0.213338211,2.47073221,226,312,0,317,240,267,351,272,255,216,332,215
132,2024-08-09T16:56:37.7527225+03:30,-76,-17,114,13,13,70,-19,100,-0.3784143,-0.216163933,2.15313435,0.258501559,-0.276296735,2.51048231,-0.344526321,-0.033108823,2.2904923,0.162775785,-0.0571307279,2.52004814,-0.2882223,0.203270629,2.3772192,0.0667316,0.213439539,2.47111249,226,312,0,317,240,267,351,272,255,216,332,215
133,2024-08-09T16:56:37.7809347+03:30,-76,-17,114,12,13,70,-19,100,-0.3782431,-0.2164701,2.15254641,0.257861078,-0.276111424,2.511941,-0.3445219,-0.03318246,2.29045248,0.162702724,-0.05734064,2.52007866,-0.2881244,0.203336716,2.37721634,0.06664448,0.213410318,2.47127557,226,312,0,317,240,267,351,272,255,216,332,215
134,2024-08-09T16:56:37.8175737+03:30,-76,-17,114,12,13,70,-19,100,-0.378102064,-0.216762841,2.15205932,0.257459074,-0.275967777,2.51307321,-0.344504476,-0.03328167,2.29043,0.162658289,-0.0575248823,2.52012,-0.28810823,0.203429163,2.37730026,0.06662463,0.213435039,2.471512,226,312,0,317,240,267,351,273,255,216,332,215
135,2024-08-09T16:56:37.8496868+03:30,-76,-17,114,12,13,70,-19,100,-0.377994269,-0.2170224,2.1516726,0.2573578,-0.2760072,2.51412034,-0.344488174,-0.0334824957,2.29038882,0.162567616,-0.057792373,2.52022672,-0.288093,0.203480467,2.37735915,0.0666333,0.213398471,2.47180986,226,312,0,317,240,267,351,273,255,216,332,215
136,2024-08-09T16:56:37.8856337+03:30,-76,-18,115,12,13,70,-19,100,-0.380117536,-0.2303016,2.139952,0.2572989,-0.2760486,2.514864,-0.3444952,-0.0336427577,2.290348,0.162463024,-0.05804968,2.520345,-0.288129658,0.203434244,2.37742972,0.06663414,0.213351384,2.47204351,225,315,0,317,240,267,351,273,255,216,332,215
137,2024-08-09T16:56:37.9189747+03:30,-76,-18,115,12,13,70,-19,100,-0.379269272,-0.228188112,2.14175224,0.257431239,-0.276077628,2.51511478,-0.3445185,-0.0337280072,2.29033661,0.162413612,-0.05832671,2.52040124,-0.2881765,0.203540549,2.377606,0.06669013,0.213329241,2.47238541,225,314,0,317,240,267,351,273,255,216,332,215
138,2024-08-09T16:56:37.9561799+03:30,-75,-18,115,12,13,70,-19,100,-0.378656328,-0.226637438,2.14307928,0.257601529,-0.276872963,2.51342487,-0.3444941,-0.0338255726,2.29036069,0.162346363,-0.0585837774,2.52046013,-0.2881506,0.2036921,2.37777972,0.0667256862,0.213301331,2.47264123,226,315,0,317,240,267,351,273,255,216,332,215
139,2024-08-09T16:56:37.9864616+03:30,-75,-18,114,12,13,70,-19,100,-0.378204465,-0.225393057,2.144114,0.2577891,-0.2772062,2.512202,-0.3444256,-0.0334088877,2.29073572,0.162391871,-0.05884888,2.5202508,-0.288096637,0.203840047,2.3779614,0.06682754,0.213344455,2.47301316,226,315,0,318,240,267,351,273,255,216,332,215
140,2024-08-09T16:56:38.0188608+03:30,-75,-18,116,12,13,70,-19,100,-0.377806365,-0.224367052,2.14489937,0.2578724,-0.275443256,2.51381946,-0.344381481,-0.03307947,2.29097486,0.162381813,-0.0591218472,2.520061,-0.288076967,0.203969687,2.378132,0.0669298247,0.2133884,2.473384,226,314,0,317,240,267,351,273,255,216,332,215
141,2024-08-09T16:56:38.0537575+03:30,-75,-18,117,12,13,70,-19,100,-0.377509862,-0.223614618,2.14547253,0.257693827,-0.274774581,2.51482463,-0.344362974,-0.03284096,2.29113555,0.1624198,-0.05936914,2.51990628,-0.288015276,0.204105765,2.37834549,0.06701074,0.213405862,2.47369814,226,314,0,317,240,267,351,273,255,215,332,215
142,2024-08-09T16:56:38.0908737+03:30,-75,-18,119,11,13,70,-19,99,-0.377292931,-0.2229884,2.14593029,0.257453024,-0.274256945,2.51548934,-0.3443394,-0.0326687843,2.29125285,0.162443608,-0.0595284365,2.51976037,-0.287986875,0.204355359,2.378706,0.06726695,0.213698655,2.47452426,226,314,0,317,240,267,351,273,255,215,332,215
143,2024-08-09T16:56:38.1230797+03:30,-75,-18,118,11,13,70,-19,99,-0.377087951,-0.22207664,2.146679,0.257182658,-0.2745904,2.51497126,-0.344343245,-0.03274055,2.29111671,0.162449434,-0.0596653372,2.52003837,-0.288366526,0.203335166,2.37857628,0.06728736,0.2137359,2.47498417,226,314,0,317,240,267,351,273,255,216,332,215
144,2024-08-09T16:56:38.1531456+03:30,-75,-18,117,11,13,70,-19,99,-0.37685287,-0.221257582,2.14730668,0.2569718,-0.275776923,2.51407,-0.344353,-0.03278274,2.29101443,0.162455529,-0.0598114319,2.52032161,-0.288645953,0.2025547,2.37852836,0.06727609,0.213719651,2.47533774,226,313,0,317,240,267,351,273,255,216,332,215
145,2024-08-09T16:56:38.1861110+03:30,-78,-18,116,11,12,70,-19,99,-0.3765915,-0.220183849,2.1480298,0.257045269,-0.277587652,2.51321054,-0.344347924,-0.03288627,2.290893,0.16252996,-0.060163755,2.520707,-0.288950652,0.201906383,2.37857223,0.06734275,0.213468641,2.47568059,226,313,0,318,240,267,351,273,255,216,332,215
146,2024-08-09T16:56:38.2190519+03:30,-77,-17,114,11,12,69,-19,99,-0.376374453,-0.219393775,2.14857841,0.257169425,-0.280425429,2.51243758,-0.34431383,-0.0329471156,2.290825,0.162593633,-0.06051762,2.52071619,-0.2891965,0.201643318,2.37885857,0.06739192,0.213285238,2.47593141,226,313,0,318,240,267,351,273,255,216,332,215
147,2024-08-09T16:56:38.2547798+03:30,-77,-17,113,11,12,69,-19,99,-0.375911176,-0.217557743,2.149505,0.257125139,-0.282385558,2.51173,-0.344258845,-0.0331946053,2.29058671,0.162624121,-0.06078468,2.52070332,-0.290185332,0.200453267,2.378965,0.06709405,0.2129981,2.47585988,227,312,0,319,240,267,351,273,255,216,332,215
148,2024-08-09T16:56:38.2870551+03:30,-77,-17,112,11,12,69,-19,99,-0.375615478,-0.216478616,2.1499846,0.257243574,-0.2840017,2.51105523,-0.3441361,-0.0337150469,2.29033,0.16271238,-0.0611918271,2.52092052,-0.290828645,0.199341863,2.37901616,0.06672394,0.212420776,2.47562361,227,312,0,319,240,267,351,273,255,217,332,215
149,2024-08-09T16:56:38.3177394+03:30,-77,-17,114,11,12,69,-19,99,-0.3754487,-0.216056883,2.14969587,0.257913,-0.2835157,2.51283932,-0.343986839,-0.0342808366,2.29001021,0.162822887,-0.0615482852,2.52094078,-0.291304,0.198606238,2.379167,0.06645924,0.2119927,2.47546077,227,312,0,319,240,267,351,273,255,217,332,216
150,2024-08-09T16:56:38.3525077+03:30,-77,-17,117,11,12,69,-19,99,-0.377237827,-0.228660822,2.13697815,0.25854823,-0.2811554,2.51633072,-0.343821883,-0.03473058,2.28972316,0.16293481,-0.06180754,2.52110577,-0.291635662,0.198037654,2.379305,0.0662750155,0.211682543,2.47542119,226,315,0,318,240,267,351,274,254,217,332,216
151,2024-08-09T16:56:38.3826088+03:30,-78,-18,114,12,12,69,-19,100,-0.377027482,-0.226945847,2.13779855,0.25881,-0.282263249,2.51449132,-0.343567938,-0.0348776653,2.289634,0.1629866,-0.0620134957,2.52125263,-0.291836649,0.197877511,2.37962151,0.06612552,0.2114683,2.47540188,226,315,0,319,240,267,351,274,254,217,332,216
152,2024-08-09T16:56:38.4194935+03:30,-78,-18,115,11,12,69,-19,100,-0.3768725,-0.225537628,2.13840532,0.256978422,-0.279142171,2.51705575,-0.343381256,-0.0349641033,2.2895596,0.162802532,-0.061788816,2.521371,-0.2918688,0.198303342,2.38026714,0.06570428,0.211656719,2.4752872,226,315,0,318,240,267,351,273,254,217,332,216
153,2024-08-09T16:56:38.4507258+03:30,-78,-18,115,11,12,69,-19,100,-0.3770726,-0.22578837,2.13736749,0.2557468,-0.277112842,2.5188272,-0.343215048,-0.0352144726,2.2894578,0.162697837,-0.06168741,2.52149963,-0.291900545,0.198570386,2.38078332,0.06535222,0.2117205,2.47518659,226,315,0,317,240,267,351,273,254,217,332,216
154,2024-08-09T16:56:38.4839879+03:30,-82,-18,114,11,11,69,-19,100,-0.377026916,-0.2247324,2.137045,0.255463243,-0.2792099,2.517948,-0.3430963,-0.0352210663,2.28935552,0.1624762,-0.0614805,2.52154469,-0.291886955,0.199315757,2.38168,0.06489269,0.211925134,2.47512984,226,315,0,318,240,267,351,273,254,217,331,216
155,2024-08-09T16:56:38.5202285+03:30,-81,-17,112,11,11,68,-19,100,-0.3777587,-0.2319129,2.12817383,0.255221754,-0.281211019,2.51708531,-0.342995137,-0.035283152,2.289234,0.16236569,-0.06143091,2.5215137,-0.2918072,0.199885935,2.38247371,0.06464766,0.21207945,2.475273,225,316,0,318,240,267,351,273,255,217,331,216
156,2024-08-09T16:56:38.5511302+03:30,-81,-18,113,11,11,68,-19,100,-0.377327919,-0.226755247,2.130348,0.255366266,-0.2818898,2.51785946,-0.34296903,-0.0353858955,2.28903627,0.162410647,-0.0614169575,2.52165842,-0.2918335,0.200003058,2.38314652,0.06429034,0.211997956,2.47518635,225,314,0,318,240,267,351,273,255,217,331,216
157,2024-08-09T16:56:38.5875156+03:30,-82,-18,106,11,11,68,-20,100,-0.377850026,-0.223939314,2.13045931,0.25575754,-0.285139024,2.5167346,-0.3429894,-0.0353866629,2.28875113,0.162476718,-0.0616277978,2.52180719,-0.2918736,0.200122565,2.38381934,0.064175,0.211803809,2.47522664,225,314,0,319,240,267,351,273,255,217,331,216
158,2024-08-09T16:56:38.6194654+03:30,-83,-18,110,10,11,68,-20,100,-0.37782076,-0.220051751,2.131289,0.255884528,-0.2804708,2.521584,-0.343021661,-0.0354320854,2.28846169,0.162571833,-0.06201735,2.52194214,-0.292159945,0.1998184,2.38451,0.0637284741,0.211135641,2.4746418,225,313,0,318,240,267,351,274,255,217,331,216
159,2024-08-09T16:56:38.6564532+03:30,-83,-19,114,9,11,68,-20,100,-0.378257364,-0.218119159,2.13050818,0.2558692,-0.2770648,2.52485132,-0.343068779,-0.0353658646,2.288094,0.162703916,-0.06254646,2.52215886,-0.2924731,0.199676752,2.38541484,0.06365146,0.2105149,2.47438264,225,313,0,317,240,267,351,274,254,217,331,216
160,2024-08-09T16:56:38.6847971+03:30,-84,-18,114,9,11,67,-20,100,-0.379685879,-0.217389211,2.12803578,0.2556833,-0.276924,2.52500439,-0.343031675,-0.03506023,2.2878437,0.162845612,-0.06321689,2.52243257,-0.2925587,0.199754208,2.38653374,0.06415343,0.210115969,2.47477746,225,313,0,317,240,267,351,274,254,217,331,216
161,2024-08-09T16:56:38.7223687+03:30,-85,-18,113,10,11,67,-20,100,-0.3807664,-0.216490716,2.1259656,0.255848438,-0.276737183,2.523763,-0.343018,-0.03458365,2.287529,0.162970871,-0.063725166,2.52263832,-0.292477131,0.200005874,2.38768721,0.0645941943,0.209885344,2.47519541,224,313,0,317,240,267,351,274,255,217,331,216
162,2024-08-09T16:56:38.7547659+03:30,-85,-18,115,11,11,66,-19,100,-0.381406963,-0.214678526,2.12471247,0.255317032,-0.2790172,2.52136612,-0.3432161,-0.03418375,2.28664637,0.163040161,-0.06418688,2.52281713,-0.2925891,0.199774876,2.38872814,0.0646946058,0.2094822,2.4751482,224,312,0,318,240,267,351,274,255,217,331,216
163,2024-08-09T16:56:38.7902435+03:30,-85,-18,115,11,11,66,-19,100,-0.382068366,-0.213159621,2.12297273,0.254997164,-0.277911425,2.52068424,-0.3435985,-0.0328809246,2.285872,0.163108319,-0.0646524653,2.52295876,-0.292633474,0.1997294,2.38985181,0.06503751,0.20923771,2.47536373,224,312,0,317,240,267,351,274,255,217,332,216
164,2024-08-09T16:56:38.8225307+03:30,-85,-17,113,12,11,65,-19,100,-0.382610649,-0.211620525,2.12093782,0.255700678,-0.281155616,2.51660275,-0.343925625,-0.0308837127,2.28567553,0.163164109,-0.06499141,2.52306914,-0.292607725,0.200009733,2.391379,0.06527784,0.20907113,2.47550535,223,311,0,318,240,267,351,274,255,217,332,216
165,2024-08-09T16:56:38.8592817+03:30,-82,-18,114,11,12,65,-19,100,-0.383541346,-0.210320532,2.11715174,0.254935145,-0.2793013,2.517944,-0.3446265,-0.0281829163,2.28495431,0.163216084,-0.06530092,2.52302432,-0.29238838,0.200475529,2.39305782,0.0656870455,0.2090781,2.47582984,223,311,0,318,239,267,351,274,255,217,332,216
166,2024-08-09T16:56:38.8910347+03:30,-81,-17,114,11,12,64,-19,100,-0.3842885,-0.208347976,2.11409,0.254074872,-0.277446479,2.51843143,-0.345077574,-0.0260739587,2.28425527,0.163221985,-0.06544852,2.522967,-0.291939318,0.2009166,2.39456558,0.06613604,0.209317908,2.47632313,223,311,0,317,239,266,351,274,255,217,332,216
167,2024-08-09T16:56:38.9246585+03:30,-81,-16,112,12,12,63,-19,100,-0.384967923,-0.205660537,2.11149788,0.254987419,-0.280008435,2.51363158,-0.3443224,-0.0204021353,2.2852788,0.163244918,-0.06564931,2.52295947,-0.291531831,0.201243624,2.39588523,0.066608645,0.209470317,2.4767828,222,310,0,318,239,265,351,274,255,217,332,216
168,2024-08-09T16:56:38.9545668+03:30,-81,-16,110,13,12,63,-19,99,-0.385507345,-0.202837527,2.109269,0.256373346,-0.285095155,2.507862,-0.344013155,-0.015222271,2.28623676,0.163225561,-0.0658440739,2.52285,-0.291157037,0.2013551,2.396933,0.0668221042,0.209486321,2.47691655,222,309,0,319,240,263,351,274,255,217,332,216
169,2024-08-09T16:56:38.9876797+03:30,-77,-16,110,14,13,62,-19,99,-0.386069626,-0.200658426,2.10636163,0.257394046,-0.286066264,2.50415254,-0.343763918,-0.0104287146,2.28707957,0.163259909,-0.06604114,2.52275777,-0.290686518,0.20154579,2.39803934,0.06707796,0.209509462,2.47715735,222,309,0,320,240,262,351,274,255,216,332,216
170,2024-08-09T16:56:39.0226063+03:30,-78,-16,111,13,13,62,-19,99,-0.386687875,-0.198134467,2.10327673,0.257091522,-0.283678085,2.50659776,-0.343447328,-0.00672607543,2.287717,0.16333659,-0.0662757754,2.52269316,-0.2902042,0.2017748,2.39912724,0.06754049,0.209573328,2.47754574,222,308,0,319,240,261,351,274,255,216,332,216
171,2024-08-09T16:56:39.0558908+03:30,-78,-15,110,13,13,61,-19,99,-0.387254149,-0.19577603,2.10026336,0.2570167,-0.286391526,2.50413942,-0.344136715,-0.00652326,2.285146,0.163559943,-0.06655153,2.52245641,-0.289886951,0.201795459,2.40005851,0.06794194,0.209553808,2.47787023,222,308,0,320,239,261,352,274,256,216,332,216
172,2024-08-09T16:56:39.0889354+03:30,-78,-16,108,14,13,61,-19,99,-0.3877802,-0.193094075,2.09751964,0.2573595,-0.2888533,2.50092483,-0.344442159,-0.0063324,2.28335929,0.164007589,-0.0669515356,2.521896,-0.289550453,0.201839328,2.40094519,0.06844751,0.209472686,2.4783082,222,307,0,320,239,261,352,274,256,216,332,216
173,2024-08-09T16:56:39.1188164+03:30,-78,-15,106,14,13,60,-19,99,-0.388354331,-0.190300092,2.09484959,0.257670641,-0.291797936,2.49756336,-0.3442795,-0.004581,2.28275442,0.164516523,-0.06730832,2.52123475,-0.289230019,0.202090353,2.40200114,0.0694474,0.209711164,2.47924113,222,306,0,321,239,261,352,274,256,216,333,216
174,2024-08-09T16:56:39.1509930+03:30,-78,-15,106,14,13,59,-19,98,-0.38874355,-0.187613,2.09184742,0.25817287,-0.294235438,2.493742,-0.3442603,-0.00220344332,2.28220129,0.165039957,-0.06772084,2.5205884,-0.288844347,0.202235073,2.40282726,0.07025152,0.209747612,2.47989964,221,306,0,322,239,260,352,274,256,216,333,216
175,2024-08-09T16:56:39.1822565+03:30,-79,-15,105,15,13,59,-19,98,-0.389220029,-0.184719861,2.087856,0.258783668,-0.2959589,2.49044538,-0.34440437,-0.000502157,2.281252,0.165527835,-0.06815842,2.52004886,-0.288562149,0.202268645,2.40349078,0.07089766,0.209623411,2.48027229,221,305,0,322,239,260,352,274,256,216,333,216
176,2024-08-09T16:56:39.2138779+03:30,-78,-15,104,15,13,58,-19,98,-0.389575869,-0.181769758,2.08460069,0.2595435,-0.2971426,2.48753357,-0.34465158,0.00052076974,2.27990723,0.166095808,-0.06870127,2.519625,-0.288320631,0.202265531,2.40403557,0.0714716241,0.209251016,2.48036933,221,304,0,323,239,259,352,274,256,216,333,216
177,2024-08-09T16:56:39.2513598+03:30,-79,-16,104,16,13,58,-19,98,-0.39008978,-0.1775972,2.08216548,0.259993345,-0.2973446,2.485381,-0.3447028,0.00140983867,2.278698,0.16667141,-0.06912871,2.51906753,-0.288134456,0.202353686,2.40463161,0.0719413,0.208977953,2.48044848,220,304,0,323,239,259,352,274,256,216,333,216
178,2024-08-09T16:56:39.2824756+03:30,-76,-15,104,16,14,57,-19,98,-0.3904995,-0.173972577,2.079799,0.260844857,-0.297065735,2.48286533,-0.344830662,0.00272753183,2.2768774,0.1671984,-0.06949586,2.51861668,-0.2877931,0.202418178,2.40517139,0.07233945,0.208708853,2.48043036,220,303,0,323,239,259,352,274,256,216,333,216
179,2024-08-09T16:56:39.3173342+03:30,-77,-16,104,17,14,57,-19,98,-0.3907333,-0.169881359,2.07729173,0.2612374,-0.295417517,2.480473,-0.344757438,0.004372714,2.27513862,0.167693123,-0.06982417,2.518236,-0.287124217,0.202572733,2.40569186,0.07289737,0.208558813,2.48056483,220,302,0,323,239,258,353,275,256,216,333,216
180,2024-08-09T16:56:39.3522658+03:30,-76,-15,104,17,14,56,-19,98,-0.3908595,-0.165778592,2.07519817,0.262423635,-0.295702428,2.47678542,-0.344892323,0.005642153,2.27224922,0.168126166,-0.0700896457,2.51794553,-0.286582381,0.202628747,2.40607119,0.07331628,0.208407551,2.48061848,220,301,0,323,239,258,353,275,256,216,333,217
181,2024-08-09T16:56:39.3824703+03:30,-76,-15,105,17,14,55,-19,97,-0.390754372,-0.161430731,2.07276988,0.26333952,-0.2959203,2.47352672,-0.344917625,0.00721766334,2.26971316,0.1685303,-0.0702114,2.51765871,-0.286022,0.2028682,2.40655732,0.07400689,0.208579481,2.48104382,220,300,0,323,239,258,353,275,257,216,334,216
182,2024-08-09T16:56:39.4195893+03:30,-75,-14,106,16,14,54,-19,97,-0.390433043,-0.158562869,2.06665444,0.26386708,-0.294570446,2.47784758,-0.345200956,0.008917491,2.26576567,0.168895364,-0.07035357,2.51742029,-0.285550058,0.202956378,2.40685153,0.07451469,0.208641469,2.48131418,220,299,0,322,238,257,353,275,257,216,334,216
183,2024-08-09T16:56:39.4504462+03:30,-74,-14,107,16,14,53,-19,97,-0.389989316,-0.154519439,2.06149817,0.26511538,-0.293652,2.47960448,-0.34506765,0.0107521238,2.261968,0.169167981,-0.07046501,2.517252,-0.285155922,0.203040317,2.40704179,0.07488157,0.208687469,2.48150682,219,298,0,322,238,257,353,275,257,216,334,216
184,2024-08-09T16:56:39.4872204+03:30,-74,-14,108,16,14,52,-19,97,-0.39003554,-0.148557976,2.05720186,0.266392738,-0.293479323,2.48045325,-0.344732136,0.0126685426,2.25871944,0.169387683,-0.0705207437,2.517116,-0.2847799,0.203058213,2.40711761,0.07512538,0.208735272,2.481591,219,297,0,322,238,257,353,275,257,216,334,216
185,2024-08-09T16:56:39.5181903+03:30,-71,-12,108,16,14,50,-19,97,-0.390296727,-0.141471446,2.05271673,0.2659388,-0.290875942,2.47773242,-0.3462411,0.0158608388,2.25151825,0.16973789,-0.07054938,2.51673055,-0.2843248,0.203317389,2.40728879,0.0753068,0.208795637,2.48164582,219,295,0,322,238,256,353,275,257,216,334,216
186,2024-08-09T16:56:39.5526213+03:30,-65,-12,108,17,15,49,-19,97,-0.390049636,-0.133339569,2.04897,0.265245,-0.2858914,2.47422624,-0.347460717,0.01922475,2.24540877,0.170190379,-0.07057222,2.51618552,-0.283468366,0.2036399,2.40722656,0.07553202,0.208878934,2.48171616,219,294,0,321,237,256,353,275,257,216,334,216
187,2024-08-09T16:56:39.5870678+03:30,-55,-10,108,18,15,46,-19,97,-0.390190572,-0.125960827,2.04272079,0.265455335,-0.2844814,2.47189236,-0.350550741,0.0239760522,2.23621726,0.17049256,-0.0705325,2.515786,-0.282465965,0.204222918,2.40726662,0.0759171,0.209167272,2.48208475,218,292,0,320,237,254,353,275,257,216,334,216
188,2024-08-09T16:56:39.6184336+03:30,-47,-11,108,18,16,45,-19,97,-0.388477057,-0.121994741,2.029444,0.266082,-0.2834381,2.4707675,-0.351832569,0.02838577,2.22986364,0.170723364,-0.07051013,2.5155046,-0.28149125,0.20485349,2.40735245,0.0762244537,0.209401369,2.48238134,218,291,0,320,236,253,353,275,258,216,334,216
189,2024-08-09T16:56:39.6550666+03:30,-39,-11,108,19,16,43,-19,97,-0.387313962,-0.1187584,2.01627421,0.2670357,-0.284734547,2.4681437,-0.352603137,0.03329009,2.2240293,0.170926288,-0.07053593,2.51530266,-0.280448943,0.20521149,2.40717816,0.07640529,0.209513247,2.482552,218,290,0,320,236,252,353,275,258,216,334,216
190,2024-08-09T16:56:39.6865336+03:30,-32,-10,110,18,16,41,-19,97,-0.3861352,-0.114786364,2.00297737,0.268621236,-0.2838641,2.47194338,-0.353131264,0.0388425477,2.21828961,0.171066746,-0.0705680251,2.51520228,-0.279561043,0.205617592,2.40707946,0.07652448,0.209587678,2.482668,218,289,0,320,236,250,353,275,258,216,334,216
191,2024-08-09T16:56:39.7242098+03:30,-32,-11,110,18,16,40,-19,97,-0.3835292,-0.101244435,2.00260615,0.270224869,-0.287170231,2.47047782,-0.35322544,0.0428911559,2.214094,0.1711796,-0.0706290156,2.51516438,-0.278819174,0.20603165,2.40705466,0.07661627,0.209614381,2.48275137,219,285,0,321,235,249,353,275,258,216,334,216
192,2024-08-09T16:56:39.7536965+03:30,-32,-11,109,18,16,39,-19,97,-0.382252216,-0.0915385559,2.00006628,0.271093,-0.2897754,2.46891069,-0.352865458,0.04627183,2.21118712,0.171267092,-0.07069225,2.515187,-0.278098524,0.206383213,2.40690374,0.07667513,0.2096174,2.48280549,219,284,0,322,235,249,353,275,258,216,334,216
193,2024-08-09T16:56:39.7879261+03:30,-32,-11,111,17,16,38,-19,96,-0.381604135,-0.08199733,1.99905074,0.269756466,-0.286594152,2.47261238,-0.3512037,0.0518410541,2.21124077,0.171299532,-0.070592694,2.5151813,-0.277432859,0.206858262,2.4067862,0.07683292,0.209905878,2.48323083,219,281,0,321,236,247,353,275,259,215,334,216
194,2024-08-09T16:56:39.8225157+03:30,-43,-11,110,17,16,38,-19,97,-0.3841567,-0.0674295053,2.00284982,0.269562244,-0.286807179,2.47455788,-0.349262238,0.0576611646,2.21313381,0.171362847,-0.07061039,2.51531267,-0.27685082,0.207233131,2.40660858,0.07662275,0.2097784,2.48305,219,277,0,321,236,247,353,275,259,215,334,216
195,2024-08-09T16:56:39.8582665+03:30,-43,-11,109,18,17,37,-19,97,-0.385587424,-0.0563123226,2.005572,0.269179,-0.288234949,2.47228742,-0.3480097,0.0623859055,2.21461368,0.171387136,-0.0705632344,2.51541114,-0.2763314,0.207824349,2.406602,0.07645486,0.2097715,2.48302221,219,275,0,321,237,245,353,275,259,215,334,216
196,2024-08-09T16:56:39.8905744+03:30,-38,-11,107,18,17,36,-19,97,-0.386018217,-0.04938664,2.00369263,0.268947542,-0.2901942,2.4683795,-0.3507636,0.0669157058,2.21141386,0.171420738,-0.07057608,2.515514,-0.275857747,0.20841226,2.406668,0.07657944,0.209890679,2.48342967,218,273,0,322,236,244,353,275,259,215,334,216
197,2024-08-09T16:56:39.9226313+03:30,-30,-12,107,18,18,35,-19,96,-0.386045933,-0.0438286178,2.00154471,0.2692264,-0.2920577,2.46577787,-0.35398373,0.07091459,2.20840955,0.171557486,-0.07071,2.51572537,-0.275430351,0.2089587,2.40676236,0.07674038,0.2098452,2.483824,218,271,0,322,235,243,353,275,259,215,334,216
198,2024-08-09T16:56:39.9542759+03:30,-25,-13,109,17,19,34,-19,96,-0.385557622,-0.0375874043,1.99863362,0.26880765,-0.286637455,2.47102165,-0.356908977,0.07411278,2.206055,0.171567276,-0.0706857145,2.5159924,-0.275225669,0.209657758,2.407134,0.07696653,0.210089177,2.48459435,218,269,0,321,234,242,353,275,259,215,334,216
199,2024-08-09T16:56:39.9875359+03:30,-25,-13,113,17,19,33,-18,96,-0.389320552,-0.0311910585,1.9956733,0.267772555,-0.2845897,2.47419286,-0.3598127,0.0769465342,2.20376563,0.1715787,-0.07061819,2.51643562,-0.2751162,0.210297689,2.40752554,0.07717445,0.21031718,2.4852562,217,267,0,320,233,242,353,275,259,215,334,216
200,2024-08-09T16:56:40.0223544+03:30,-31,-14,112,16,20,33,-18,96,-0.394626647,-0.0213180669,1.99211478,0.266195685,-0.285223573,2.47759557,-0.362759233,0.07969717,2.20243859,0.1716399,-0.0706676245,2.51713276,-0.275186956,0.2108078,2.40793657,0.07723211,0.2102604,2.48565149,216,265,0,320,232,241,353,275,259,214,334,216
201,2024-08-09T16:56:40.0547438+03:30,-32,-14,112,16,20,32,-18,96,-0.397417754,-0.0141720632,1.989828,0.265638977,-0.287131965,2.479648,-0.3656116,0.08258344,2.2017138,0.171783268,-0.07071527,2.51782656,-0.275336653,0.211189613,2.40829945,0.07744708,0.210305154,2.48641038,215,264,0,321,232,240,353,275,259,214,334,216
202,2024-08-09T16:56:40.0864581+03:30,-29,-15,111,16,21,31,-18,96,-0.398822844,-0.007818361,1.98835361,0.265208572,-0.288549721,2.48092127,-0.368121922,0.08520491,2.201801,0.17190817,-0.07068077,2.51845264,-0.275558263,0.211497381,2.408687,0.07760677,0.210434958,2.48717928,215,262,0,321,231,239,353,275,259,214,334,216
203,2024-08-09T16:56:40.1178378+03:30,-27,-19,110,15,22,31,-18,96,-0.391024023,-0.00535287568,1.97737455,0.264612734,-0.2884339,2.4827373,-0.370696932,0.0883076,2.203959,0.1721931,-0.0705605,2.51960087,-0.27565518,0.211779639,2.409085,0.07788871,0.210547358,2.48803425,217,261,0,321,230,239,354,275,259,214,334,216
204,2024-08-09T16:56:40.1525097+03:30,-28,-21,110,15,22,31,-18,96,-0.38776955,0.00323818251,1.97926819,0.263200432,-0.2858636,2.48474622,-0.3731064,0.09120882,2.20500231,0.172410861,-0.07050556,2.52054882,-0.27570343,0.212048471,2.40949488,0.07816884,0.210633561,2.48878646,217,259,0,320,230,238,354,275,259,214,334,216
205,2024-08-09T16:56:40.1876228+03:30,-23,-23,110,15,23,30,-18,96,-0.383663535,0.00218071812,1.9648937,0.262349367,-0.283911884,2.48627925,-0.3771826,0.09534072,2.20509219,0.172597542,-0.0705636,2.52124357,-0.275911868,0.212517709,2.41016221,0.07830785,0.210577324,2.48932385,217,259,0,320,229,237,354,275,259,214,334,216
206,2024-08-09T16:56:40.2183467+03:30,-18,-26,109,15,24,29,-18,96,-0.379186958,0.000894645636,1.95172334,0.262040675,-0.2845508,2.4867425,-0.381266266,0.0997510254,2.20393085,0.172840849,-0.07062218,2.52175784,-0.276072919,0.213178113,2.41112685,0.07854602,0.210596055,2.4899683,218,259,0,320,228,237,354,275,259,214,335,216
207,2024-08-09T16:56:40.2592148+03:30,-14,-28,109,15,25,28,-18,96,-0.37470454,-0.000169835155,1.940572,0.261962831,-0.285865337,2.48717213,-0.384517044,0.1031762,2.20295286,0.173072025,-0.07063804,2.5223155,-0.276238739,0.213656127,2.41192961,0.0787212,0.210623935,2.49056029,218,260,0,320,228,236,354,275,259,214,335,216
208,2024-08-09T16:56:40.2892135+03:30,-11,-29,108,15,25,27,-18,96,-0.370503,-0.0007209799,1.93268085,0.2617478,-0.2874169,2.48805618,-0.387830853,0.106206872,2.20214725,0.1731729,-0.0707328245,2.52285862,-0.276556075,0.214105934,2.412859,0.07887468,0.2106075,2.491109,219,260,0,320,227,235,354,275,259,214,335,216
209,2024-08-09T16:56:40.3248336+03:30,-19,-35,107,15,28,30,-18,96,-0.370433271,0.003691343,1.94356072,0.26149258,-0.288996369,2.48831153,-0.3969104,0.102405407,2.221291,0.17332375,-0.0709198862,2.52322054,-0.2768795,0.214436814,2.413639,0.07900403,0.210432544,2.4915483,220,258,0,321,225,236,354,275,259,214,335,216
210,2024-08-09T16:56:40.3556299+03:30,-13,-35,107,15,29,28,-18,96,-0.3679742,0.00662581064,1.94125736,0.261285126,-0.290246964,2.48848224,-0.398068428,0.1113076,2.22131777,0.173477888,-0.071148105,2.523497,-0.277265251,0.2146358,2.41433883,0.07907288,0.2101806,2.49180532,220,258,0,321,225,234,354,275,259,214,335,216
211,2024-08-09T16:56:40.3867845+03:30,-15,-39,106,15,31,29,-18,96,-0.367701381,0.0113308588,1.946799,0.2603292,-0.2881884,2.48825955,-0.40545857,0.113516062,2.23030543,0.173605412,-0.07136284,2.52369428,-0.277583718,0.21483086,2.41500854,0.07915046,0.209959924,2.49220729,221,256,0,321,224,233,354,275,259,214,335,216
212,2024-08-09T16:56:40.4236371+03:30,-11,-39,106,14,31,27,-18,96,-0.365180939,0.0134161431,1.94327319,0.2588413,-0.2855844,2.49106073,-0.4043596,0.1187091,2.22821069,0.173598588,-0.0713010654,2.52390027,-0.277762443,0.215222746,2.41589212,0.0792614445,0.210138917,2.49288464,221,256,0,320,224,232,354,275,259,214,335,216
213,2024-08-09T16:56:40.4610171+03:30,-15,-43,107,14,33,29,-18,96,-0.366165519,0.0174789317,1.95198488,0.257790327,-0.283748269,2.49339461,-0.411580056,0.116578259,2.23991156,0.17362304,-0.07133601,2.524072,-0.27784875,0.215599358,2.41673565,0.07946556,0.210240811,2.49372,221,255,0,320,223,233,354,275,259,214,335,216
214,2024-08-09T16:56:40.4903449+03:30,-18,-46,106,14,35,31,-18,96,-0.366864681,0.0204645786,1.95832038,0.257078737,-0.28418833,2.49342752,-0.4167341,0.115018584,2.248419,0.173589319,-0.0713895261,2.52423882,-0.277918667,0.21588099,2.41741371,0.0795622244,0.210235745,2.49430323,221,255,0,320,222,233,354,275,259,213,335,216
215,2024-08-09T16:56:40.5233633+03:30,-15,-44,105,14,34,29,-18,96,-0.364367068,0.0210762732,1.9534322,0.2563604,-0.284384936,2.49329162,-0.412457138,0.118490875,2.2440002,0.1735974,-0.07150203,2.52439857,-0.277964056,0.216127813,2.41809344,0.0796479061,0.210177884,2.49489522,222,254,0,320,222,232,354,275,259,213,335,216
216,2024-08-09T16:56:40.5554993+03:30,-20,-48,104,14,36,32,-18,96,-0.3653229,0.0232077017,1.96031415,0.255986869,-0.285674125,2.49388051,-0.4168759,0.114402227,2.25294781,0.1736354,-0.07171062,2.52453,-0.2780016,0.21630469,2.41866875,0.0794128552,0.20979847,2.49501514,222,254,0,320,222,233,354,275,259,213,335,216
217,2024-08-09T16:56:40.5879245+03:30,-19,-45,104,14,34,31,-18,96,-0.3635485,0.0237159524,1.95665407,0.255873978,-0.2872009,2.49425125,-0.413587034,0.116170324,2.24980927,0.173685312,-0.07200348,2.524628,-0.27807337,0.2166384,2.419503,0.0793150961,0.209406808,2.49519253,222,254,0,320,222,233,354,275,259,213,335,217
218,2024-08-09T16:56:40.6225231+03:30,-22,-48,103,14,36,33,-18,96,-0.36465922,0.0253604632,1.96334672,0.255385756,-0.286562,2.49344826,-0.41708523,0.111901656,2.25819755,0.173685968,-0.07202721,2.52471972,-0.278091252,0.216993779,2.42033672,0.07957227,0.20958367,2.49638486,222,253,0,320,222,234,354,275,259,213,335,217
219,2024-08-09T16:56:40.6552341+03:30,-18,-45,103,14,34,30,-18,96,-0.36259076,0.0255346671,1.95711434,0.255011648,-0.2864647,2.49297214,-0.412049651,0.117960796,2.25081348,0.17372556,-0.07214544,2.52488923,-0.2780812,0.217242017,2.42105961,0.07981054,0.209601372,2.49725461,223,253,0,320,223,233,354,275,259,213,335,217
220,2024-08-09T16:56:40.6876705+03:30,-21,-47,103,13,35,32,-18,95,-0.363389581,0.026826987,1.96144211,0.254693657,-0.2866013,2.49275446,-0.414446831,0.11384657,2.2567234,0.173741877,-0.072251156,2.52498364,-0.278032631,0.217387334,2.42162061,0.07993496,0.209561408,2.49793768,223,253,0,320,223,234,354,275,259,213,335,217
221,2024-08-09T16:56:40.7186790+03:30,-16,-44,103,13,33,29,-18,95,-0.361117959,0.0251171831,1.95056069,0.254167169,-0.28699246,2.49421334,-0.410978049,0.118959934,2.24390626,0.173781335,-0.07236689,2.52509117,-0.2779632,0.2174566,2.42216635,0.08000127,0.209481776,2.49842143,223,253,0,320,223,232,354,275,259,213,335,217
222,2024-08-09T16:56:40.7535639+03:30,-22,-46,103,12,34,32,-18,95,-0.362430781,0.0264849812,1.957371,0.2537057,-0.285444766,2.4965384,-0.413320631,0.113281831,2.252768,0.173873082,-0.07257883,2.52523351,-0.277882278,0.217480555,2.42265034,0.08006471,0.2092416,2.49881744,223,253,0,320,223,234,354,275,259,213,335,217
223,2024-08-09T16:56:40.7869817+03:30,-17,-43,105,12,33,29,-18,95,-0.360934049,0.0257945918,1.95004559,0.25392127,-0.284209,2.49940467,-0.4102988,0.118685864,2.24382949,0.1739746,-0.0727740452,2.5254457,-0.277815074,0.2174721,2.42315984,0.08009659,0.208995372,2.49907637,223,253,0,319,223,232,354,275,259,213,335,217
224,2024-08-09T16:56:40.8190082+03:30,-21,-46,105,12,34,31,-18,95,-0.36280334,0.02732175,1.95847583,0.254433155,-0.282857448,2.49730444,-0.413917124,0.113696709,2.25399423,0.174069554,-0.07295275,2.52598238,-0.2777283,0.21755439,2.423816,0.08006745,0.2086198,2.499098,223,253,0,319,223,234,354,275,259,213,335,217
225,2024-08-09T16:56:40.8555901+03:30,-17,-43,103,14,33,29,-18,96,-0.362524658,0.02691454,1.95289028,0.254932553,-0.286961466,2.495771,-0.410864055,0.1190069,2.24711275,0.174072862,-0.07317943,2.5263555,-0.277640343,0.217597976,2.424391,0.07998659,0.208251759,2.49905157,222,253,0,320,223,232,354,275,259,213,335,217
226,2024-08-09T16:56:40.8897129+03:30,-22,-47,102,14,35,32,-18,96,-0.365236342,0.0281994622,1.96155941,0.2553144,-0.2900015,2.49516225,-0.414765984,0.113584571,2.25762653,0.174123183,-0.07330848,2.52665782,-0.277534753,0.217650861,2.4249382,0.079950884,0.2079743,2.49903154,222,252,0,321,223,234,354,275,259,213,335,217
227,2024-08-09T16:56:40.9264493+03:30,-17,-43,101,14,33,29,-18,96,-0.365012079,0.0269418322,1.95406568,0.256574,-0.294167548,2.492967,-0.411281526,0.118094221,2.248878,0.174201652,-0.0733919442,2.52714086,-0.277368337,0.2176342,2.42545867,0.0798985958,0.207718551,2.49900341,222,253,0,322,223,233,354,275,259,213,335,217
228,2024-08-09T16:56:40.9556577+03:30,-24,-48,104,13,36,33,-18,96,-0.3685089,0.028468322,1.96569037,0.257440716,-0.292056948,2.49785566,-0.416249931,0.111541614,2.26258,0.174252376,-0.07343835,2.527493,-0.277159661,0.217620179,2.426037,0.07986082,0.207516432,2.49897838,221,252,0,321,222,234,354,275,259,213,335,217
229,2024-08-09T16:56:40.9911672+03:30,-19,-44,105,13,34,30,-18,96,-0.369556129,0.0270643625,1.957881,0.2580466,-0.291462034,2.50036645,-0.413414031,0.116591789,2.25339079,0.174349532,-0.07356315,2.5277524,-0.276949346,0.217604116,2.42665124,0.0799072459,0.2073066,2.49902463,221,253,0,321,223,233,354,275,259,213,335,217
230,2024-08-09T16:56:41.0234345+03:30,-21,-45,101,12,35,31,-19,96,-0.3727612,0.02801035,1.961812,0.258311152,-0.292242974,2.50101614,-0.414921135,0.114493087,2.25867581,0.1744587,-0.07371565,2.52788043,-0.276815951,0.21759966,2.42726851,0.07999654,0.207075968,2.499033,220,252,0,321,223,234,354,275,259,213,335,217
231,2024-08-09T16:56:41.0607900+03:30,-20,-43,101,12,34,30,-19,96,-0.374525219,0.0264572613,1.95447421,0.257511228,-0.2899164,2.50396228,-0.41217652,0.115849175,2.25112534,0.174617052,-0.07382864,2.52809668,-0.2766164,0.21761702,2.42793155,0.08016936,0.206910416,2.49906182,219,253,0,321,223,233,354,275,259,213,335,217
232,2024-08-09T16:56:41.0915531+03:30,-23,-44,101,12,35,32,-19,96,-0.379171222,0.0279693622,1.96190166,0.257080019,-0.287630469,2.50322652,-0.415541142,0.113104194,2.26006556,0.1748444,-0.07406951,2.52827525,-0.2763745,0.217578635,2.42853355,0.08033497,0.206519052,2.498804,218,252,0,320,222,234,354,275,259,213,335,217
233,2024-08-09T16:56:41.1274119+03:30,-20,-42,106,12,34,30,-18,96,-0.382017046,0.0272395033,1.95620108,0.256884426,-0.2861386,2.5026238,-0.4137091,0.115444213,2.253988,0.175068319,-0.07441156,2.52796459,-0.276074469,0.217520982,2.42910385,0.0806825161,0.206247523,2.49876165,218,253,0,320,223,233,354,275,260,213,335,217
234,2024-08-09T16:56:41.1575893+03:30,-19,-40,106,13,34,29,-18,96,-0.3871683,0.0263531711,1.952205,0.256946743,-0.284967244,2.50136018,-0.412373632,0.11722745,2.24972463,0.175207108,-0.07469923,2.527449,-0.275512457,0.21752283,2.42981243,0.0810775,0.2061314,2.49873447,216,253,0,320,223,233,354,275,260,213,335,217
235,2024-08-09T16:56:41.1927229+03:30,-17,-38,106,13,33,28,-18,96,-0.39203617,0.0254452229,1.94798625,0.2572871,-0.284115463,2.49878836,-0.4115877,0.118310332,2.24532747,0.175425336,-0.0750929862,2.52677155,-0.274886757,0.217504516,2.43053937,0.0816609,0.2060093,2.49882984,215,253,0,319,223,232,354,275,260,213,335,217
236,2024-08-09T16:56:41.2239581+03:30,-18,-37,106,14,33,28,-18,96,-0.397529662,0.0248765629,1.94517124,0.25796178,-0.283462942,2.495651,-0.411047131,0.118920222,2.242493,0.175642818,-0.07562324,2.52621436,-0.274335325,0.217391685,2.43113041,0.08203462,0.205580056,2.4984386,213,253,0,319,223,232,354,276,260,213,335,217
237,2024-08-09T16:56:41.2553700+03:30,-17,-35,105,15,32,27,-18,96,-0.403410226,0.0246174112,1.94281566,0.25788933,-0.283250928,2.48882127,-0.41073367,0.118860371,2.24031949,0.1759428,-0.07621526,2.52531242,-0.2738921,0.217343628,2.43178749,0.08245692,0.205158159,2.49811,211,253,0,320,223,232,354,276,260,213,335,218
238,2024-08-09T16:56:41.2851866+03:30,-17,-33,104,16,32,27,-18,95,-0.410736918,0.0240120627,1.941357,0.258140922,-0.2841405,2.482835,-0.410617,0.118840665,2.23870635,0.176169053,-0.07663846,2.52462435,-0.273508817,0.217292041,2.43233562,0.08278008,0.204864621,2.49778771,209,253,0,320,223,232,354,276,260,213,335,218
239,2024-08-09T16:56:41.3202959+03:30,-18,-32,104,17,32,27,-18,95,-0.416993767,0.0244819634,1.94111991,0.258437276,-0.2839247,2.478917,-0.411084831,0.1192941,2.238489,0.176537737,-0.07701288,2.523759,-0.2731218,0.217300236,2.43297553,0.0831947252,0.204619855,2.49754047,207,253,0,320,223,232,354,276,260,213,336,218
240,2024-08-09T16:56:41.3557037+03:30,-18,-32,104,17,33,27,-18,95,-0.422824,0.0258335266,1.941384,0.259262562,-0.284520775,2.476604,-0.411835968,0.11959286,2.23904634,0.176960021,-0.07714231,2.522566,-0.272809476,0.217309818,2.433734,0.0835418254,0.204237387,2.49705434,206,253,0,320,222,232,355,276,260,213,336,218
241,2024-08-09T16:56:41.3867874+03:30,-23,-35,103,18,35,29,-18,95,-0.429303885,0.0306271352,1.95375717,0.260977268,-0.288673222,2.46944952,-0.415680021,0.117111921,2.253465,0.177270353,-0.07725395,2.521689,-0.2726148,0.217332482,2.43452215,0.08391401,0.203790531,2.4963963,205,252,0,321,222,233,355,276,261,214,336,218
242,2024-08-09T16:56:41.4184790+03:30,-22,-33,102,19,35,28,-18,95,-0.4381007,0.0331242941,1.95293117,0.2624466,-0.292028964,2.46421957,-0.417327285,0.119124457,2.25147581,0.177460864,-0.0775255039,2.52092433,-0.2724458,0.217374921,2.4353056,0.08429339,0.20334281,2.49557137,202,251,0,322,222,232,355,276,261,214,336,218
243,2024-08-09T16:56:41.4503177+03:30,-23,-32,104,19,35,28,-18,95,-0.444702685,0.0351203941,1.95238924,0.265161723,-0.291324675,2.46426868,-0.418741584,0.120719895,2.25075984,0.177605137,-0.0777129754,2.520353,-0.2721742,0.217573166,2.4362607,0.08481305,0.203217685,2.4949646,200,250,0,322,221,232,355,276,261,213,336,218
244,2024-08-09T16:56:41.4809492+03:30,-22,-31,106,19,35,27,-18,95,-0.4508335,0.03929825,1.95511961,0.267441422,-0.29229185,2.46392155,-0.420178145,0.122001506,2.2503283,0.177732974,-0.07781788,2.5198772,-0.272033364,0.2179575,2.43745732,0.08528365,0.203177124,2.494331,199,249,0,322,221,232,355,276,261,213,336,218
245,2024-08-09T16:56:41.5215954+03:30,-24,-30,106,19,35,27,-18,95,-0.4569083,0.0450899936,1.96314347,0.2693305,-0.293419152,2.46289372,-0.422057152,0.123374104,2.2503283,0.177975357,-0.07790055,2.51934361,-0.271689683,0.218460709,2.4387,0.08577344,0.203200623,2.493589,198,247,0,323,220,231,355,276,261,213,336,218
246,2024-08-09T16:56:41.5511878+03:30,-24,-31,107,19,36,27,-18,95,-0.461880922,0.0503720343,1.970484,0.2682592,-0.290610433,2.464304,-0.424158454,0.125010744,2.251725,0.178245276,-0.07800489,2.51886725,-0.271270841,0.218964741,2.43985558,0.0862740353,0.2033616,2.49302483,197,246,0,322,220,231,355,276,261,213,336,218
247,2024-08-09T16:56:41.5825426+03:30,-23,-30,107,19,36,26,-18,95,-0.4668527,0.0552405156,1.9786762,0.268592328,-0.288931727,2.46448827,-0.426270753,0.126212373,2.25249052,0.178605437,-0.0780628,2.518266,-0.270791918,0.219449431,2.441003,0.08697256,0.203628182,2.49260521,196,245,0,321,219,230,355,276,261,213,336,218
248,2024-08-09T16:56:41.6203195+03:30,-24,-30,106,20,37,26,-18,95,-0.471812,0.06043186,1.98645914,0.269017369,-0.2907364,2.45940828,-0.4282829,0.127457857,2.2535336,0.1789459,-0.07801562,2.51762724,-0.270433635,0.219823435,2.44192839,0.08757996,0.20379886,2.49213624,196,244,0,322,219,230,355,276,261,213,337,218
249,2024-08-09T16:56:41.6552478+03:30,-25,-30,105,20,38,26,-18,95,-0.476653367,0.06594122,1.99574709,0.269485772,-0.29223296,2.45682,-0.43039763,0.128734514,2.254966,0.1793431,-0.07796889,2.51653242,-0.2699057,0.2202164,2.44287825,0.08870992,0.20420824,2.49222732,195,243,0,322,218,230,355,276,261,213,337,218
250,2024-08-09T16:56:41.6879270+03:30,-26,-30,105,20,38,26,-18,95,-0.481680542,0.07051088,2.00158167,0.270158142,-0.2939205,2.454079,-0.4322375,0.130073518,2.25644875,0.179734692,-0.0781227946,2.51556468,-0.26951465,0.220552132,2.44369817,0.08956697,0.20450078,2.492235,194,241,0,323,218,230,355,276,261,213,337,218
251,2024-08-09T16:56:41.7205640+03:30,-25,-29,104,20,39,25,-18,94,-0.487053573,0.0745635852,2.00628,0.270369172,-0.2953248,2.44947124,-0.434336454,0.131618455,2.25739479,0.180130914,-0.0783091,2.514459,-0.269125432,0.22079736,2.4443953,0.09027356,0.204774663,2.49232,192,240,0,323,218,229,355,276,261,213,337,218
252,2024-08-09T16:56:41.7553301+03:30,-26,-29,106,20,39,25,-17,94,-0.4931483,0.0792109,2.01275516,0.270427376,-0.2956817,2.44663215,-0.436401874,0.133204117,2.258447,0.180556059,-0.07813635,2.51313066,-0.2687643,0.221010238,2.445018,0.09110404,0.205087438,2.49234152,191,239,0,324,218,229,355,276,261,213,337,217
253,2024-08-09T16:56:41.7873851+03:30,-28,-29,107,20,40,25,-17,94,-0.498667926,0.08328471,2.01818633,0.2702479,-0.2918479,2.4470346,-0.4374262,0.1341666,2.261495,0.181064218,-0.07786475,2.51166129,-0.268231928,0.221325919,2.44568777,0.0919227,0.205432966,2.49209166,189,238,0,323,218,229,355,276,261,213,338,217
254,2024-08-09T16:56:41.8225742+03:30,-31,-29,108,20,41,26,-17,94,-0.504701,0.0871697441,2.02324629,0.270898461,-0.290288061,2.44650388,-0.436210722,0.136187837,2.2693994,0.181528166,-0.07757108,2.50983262,-0.26778537,0.22159712,2.44629216,0.0927223042,0.205299139,2.49088883,188,237,0,322,218,228,355,276,261,213,338,217
255,2024-08-09T16:56:41.8541350+03:30,-34,-30,108,20,42,27,-17,94,-0.509489,0.09041591,2.02768731,0.2714451,-0.289715081,2.444644,-0.436310649,0.1364541,2.28035784,0.18230328,-0.07714723,2.5070858,-0.267252862,0.222004011,2.44699717,0.09360759,0.205146939,2.48980379,187,236,0,322,218,228,355,276,261,213,338,217
256,2024-08-09T16:56:41.8910429+03:30,-37,-30,108,19,43,28,-17,93,-0.514906764,0.09358719,2.03233051,0.271597624,-0.288074762,2.443686,-0.436052144,0.137082621,2.28785563,0.183092028,-0.07640897,2.5042696,-0.266738534,0.2223777,2.44756,0.09444519,0.204919681,2.48862624,186,235,0,322,219,228,355,276,261,213,338,217
257,2024-08-09T16:56:41.9238248+03:30,-39,-31,109,18,44,29,-17,93,-0.519663036,0.09642271,2.03699541,0.272718,-0.288806438,2.44305325,-0.436270058,0.138053626,2.2937777,0.1838395,-0.07604369,2.50191665,-0.266286761,0.222698212,2.44802475,0.0953325257,0.204856634,2.48774147,185,234,0,322,219,228,355,276,261,213,338,217
258,2024-08-09T16:56:41.9590974+03:30,-37,-29,108,18,44,28,-17,93,-0.5242847,0.09868805,2.04116344,0.273206353,-0.291173041,2.440444,-0.435865045,0.14185375,2.29539585,0.18443802,-0.0757160857,2.50008273,-0.2658958,0.222913474,2.44836545,0.0959548652,0.204707161,2.48636127,185,234,0,323,219,227,356,276,261,212,339,217
259,2024-08-09T16:56:41.9912621+03:30,-35,-28,105,16,45,27,-18,92,-0.5288994,0.101154029,2.046987,0.2741603,-0.293453068,2.4382937,-0.435452878,0.1449791,2.29651237,0.185423464,-0.07518569,2.49668264,-0.265420258,0.2230967,2.448626,0.09660164,0.204567745,2.48513865,184,233,0,323,219,226,356,276,262,212,339,217
260,2024-08-09T16:56:42.0256348+03:30,-36,-27,104,16,45,27,-18,92,-0.5326977,0.103046581,2.05145955,0.274682283,-0.2944838,2.43435144,-0.4349759,0.147454515,2.29779339,0.186202973,-0.07416979,2.492526,-0.264735878,0.223454952,2.44903541,0.09749921,0.204684973,2.48425913,183,233,0,324,219,226,356,275,262,212,339,217
261,2024-08-09T16:56:42.0565247+03:30,-36,-27,104,15,46,27,-18,91,-0.5367567,0.104924038,2.056569,0.275074154,-0.2952351,2.431466,-0.435672581,0.148789719,2.30067158,0.186904922,-0.07285262,2.4885,-0.264204264,0.2237906,2.44940019,0.09834898,0.204847634,2.48353481,182,233,0,324,219,226,356,275,262,212,339,217
262,2024-08-09T16:56:42.0906857+03:30,-37,-27,104,14,47,27,-18,91,-0.5408713,0.109909184,2.071292,0.275699884,-0.296485066,2.42917061,-0.436791331,0.148981392,2.30428433,0.187678531,-0.07163991,2.484757,-0.263790131,0.224057972,2.44966269,0.09913437,0.204608083,2.482084,182,232,0,324,219,226,357,275,262,212,339,217
263,2024-08-09T16:56:42.1225595+03:30,-41,-27,104,13,47,28,-18,90,-0.546210945,0.112779595,2.075155,0.276495636,-0.2972559,2.42723227,-0.437602639,0.1491051,2.30716634,0.188354924,-0.07034453,2.48142433,-0.2633883,0.224331722,2.449862,0.09993008,0.204343259,2.48070168,181,231,0,324,219,226,357,275,262,212,340,217
264,2024-08-09T16:56:42.1553870+03:30,-43,-28,104,12,48,29,-18,90,-0.5501558,0.1149028,2.07794118,0.2771319,-0.297662437,2.42588973,-0.439147919,0.148768,2.3113296,0.189165711,-0.06900721,2.478225,-0.263035685,0.2246038,2.4499886,0.1007341,0.2043595,2.47950673,180,231,0,325,219,226,357,275,262,212,340,217
265,2024-08-09T16:56:42.1897490+03:30,-40,-26,105,11,48,27,-18,89,-0.5533738,0.116755031,2.080872,0.27775386,-0.297560245,2.42524219,-0.439238757,0.151794225,2.30852127,0.189907059,-0.0676336437,2.4754796,-0.262666,0.224871472,2.45002937,0.1016056,0.204584077,2.47860456,180,230,0,325,219,226,357,275,262,212,340,217
266,2024-08-09T16:56:42.2231891+03:30,-41,-25,104,11,48,27,-18,89,-0.556224167,0.118203811,2.083223,0.278391,-0.297814935,2.42350936,-0.4393287,0.153002769,2.30936861,0.190642565,-0.0665697157,2.47341061,-0.262343854,0.2251002,2.450007,0.10229297,0.204861745,2.47762513,179,230,0,325,219,226,358,275,262,212,340,217
267,2024-08-09T16:56:42.2560613+03:30,-39,-24,104,11,48,26,-18,89,-0.558892131,0.11930044,2.08502722,0.2793024,-0.297495961,2.4217155,-0.438618451,0.155630678,2.30836916,0.1911944,-0.06567797,2.47183251,-0.261839718,0.22558707,2.44994545,0.102895148,0.205194414,2.47680926,178,230,0,325,219,225,358,275,262,212,340,217
268,2024-08-09T16:56:42.2857314+03:30,-39,-23,105,11,48,26,-18,89,-0.5615294,0.120380536,2.08807254,0.280091435,-0.2971289,2.41976976,-0.43776837,0.158102825,2.30745935,0.191646159,-0.06500597,2.47064877,-0.2611197,0.226290181,2.44979024,0.103569463,0.205582142,2.47614074,178,230,0,325,219,224,358,275,263,212,340,217
269,2024-08-09T16:56:42.3179172+03:30,-38,-21,105,11,48,25,-18,89,-0.564411938,0.121502154,2.09138,0.280590177,-0.2964863,2.41863036,-0.437219918,0.16015242,2.30632067,0.192097113,-0.06439542,2.469663,-0.2603717,0.227035061,2.44952488,0.104199819,0.205988735,2.47557974,177,229,0,325,219,224,358,274,263,212,340,217
270,2024-08-09T16:56:42.3532039+03:30,-38,-20,105,11,48,25,-18,89,-0.566957831,0.122449964,2.09451747,0.280712843,-0.2952755,2.418661,-0.437544644,0.161749512,2.30420113,0.192461446,-0.06396758,2.468876,-0.2595737,0.227802888,2.44911242,0.1048206,0.20629102,2.47496176,177,229,0,324,219,223,358,274,263,211,340,217
271,2024-08-09T16:56:42.3886159+03:30,-37,-19,105,11,48,24,-18,89,-0.5693268,0.123313017,2.09779119,0.280879974,-0.294513345,2.41841817,-0.438101,0.162902012,2.30193639,0.192730755,-0.0636382848,2.46827912,-0.258967847,0.22838977,2.448573,0.105255686,0.2061586,2.47374272,176,229,0,324,219,223,358,274,263,211,340,217
272,2024-08-09T16:56:42.4187045+03:30,-38,-17,105,11,48,24,-18,89,-0.5718485,0.124172449,2.10135484,0.281171948,-0.294348925,2.41728163,-0.437651873,0.1640115,2.300822,0.193158552,-0.06367319,2.46788239,-0.258397043,0.228924409,2.447847,0.1056869,0.206112489,2.47281241,176,229,0,324,219,223,358,274,263,211,340,217
273,2024-08-09T16:56:42.4514227+03:30,-39,-16,104,11,48,24,-18,89,-0.574315,0.125038,2.10523868,0.28150776,-0.294064879,2.41626549,-0.4374595,0.1650299,2.29967976,0.193636388,-0.06368433,2.467452,-0.257645041,0.2293692,2.44664478,0.1062254,0.206076786,2.472112,176,229,0,324,219,223,358,274,263,211,340,217
274,2024-08-09T16:56:42.4834746+03:30,-38,-15,104,11,48,23,-18,89,-0.5778471,0.125733778,2.10910463,0.2820338,-0.294664949,2.415117,-0.4379699,0.166002274,2.2978158,0.193985954,-0.06368812,2.46714,-0.256902546,0.229721233,2.44534874,0.106744505,0.206146285,2.47157359,175,228,0,324,219,222,358,274,263,211,340,217
275,2024-08-09T16:56:42.5199869+03:30,-37,-14,104,11,49,23,-18,89,-0.581145942,0.126235172,2.11235833,0.282251567,-0.295040935,2.41484976,-0.4384503,0.166700467,2.296313,0.194244459,-0.0636137649,2.46674132,-0.256283,0.2300367,2.44411373,0.107217439,0.206263274,2.47104979,174,228,0,324,219,222,358,274,264,211,340,217
276,2024-08-09T16:56:42.5542708+03:30,-38,-13,104,11,49,23,-18,89,-0.5828754,0.127202213,2.11710882,0.282359451,-0.2953245,2.41472745,-0.437268764,0.167852044,2.29674721,0.1945079,-0.06367438,2.46644139,-0.255869448,0.230297714,2.4428122,0.107623,0.206354275,2.470522,174,228,0,324,219,222,359,274,264,211,340,217
277,2024-08-09T16:56:42.5859076+03:30,-39,-12,103,11,49,23,-18,89,-0.5853825,0.12758559,2.11981726,0.282262832,-0.295848221,2.4151082,-0.437316865,0.168914959,2.295818,0.194713026,-0.06373882,2.4662025,-0.2554948,0.23043488,2.44121313,0.107980922,0.206465021,2.46986461,174,228,0,324,219,221,359,274,264,211,340,217
278,2024-08-09T16:56:42.6188011+03:30,-41,-11,103,11,49,23,-18,89,-0.5873334,0.128113851,2.12317228,0.281950176,-0.295983374,2.416573,-0.4368051,0.1700126,2.29580641,0.194861442,-0.0637880862,2.46602321,-0.255169958,0.230546251,2.43963838,0.108302221,0.206524,2.4692533,174,228,0,324,219,221,359,274,264,211,341,217
279,2024-08-09T16:56:42.6540576+03:30,-38,-11,104,10,50,23,-18,89,-0.5907351,0.128067136,2.124933,0.281547159,-0.295192271,2.41837573,-0.437814116,0.1709088,2.29431915,0.194971412,-0.06373894,2.46580935,-0.254791439,0.230594888,2.438064,0.108666465,0.206605479,2.46877551,174,228,0,324,219,221,359,274,264,210,341,217
280,2024-08-09T16:56:42.6880277+03:30,-33,-9,104,10,50,22,-18,89,-0.596036553,0.127482757,2.125086,0.2812645,-0.29464525,2.41974044,-0.440829664,0.172549561,2.291002,0.195074558,-0.0637256354,2.465603,-0.254559875,0.230670691,2.43675756,0.108930983,0.206676975,2.46823859,172,228,0,324,219,220,359,274,264,210,341,217
281,2024-08-09T16:56:42.7235505+03:30,-17,-8,105,9,50,20,-18,89,-0.603153467,0.125589073,2.12261462,0.281512231,-0.29486993,2.42145514,-0.446426362,0.175035253,2.28508687,0.195149869,-0.06371183,2.46544981,-0.2544484,0.230740711,2.435579,0.109161027,0.206763282,2.46781325,170,229,0,324,217,220,359,274,264,210,341,217
282,2024-08-09T16:56:42.7549501+03:30,-5,-6,104,10,50,19,-18,90,-0.6120399,0.125138015,2.12356949,0.2816435,-0.294720322,2.42278123,-0.451131642,0.176919252,2.28011513,0.195205823,-0.0636768341,2.465338,-0.254260272,0.23079291,2.43437123,0.109384336,0.206852823,2.46734929,168,229,0,324,215,219,359,274,264,210,341,217
283,2024-08-09T16:56:42.7898573+03:30,-1,-6,105,10,51,19,-18,90,-0.6176558,0.126008853,2.12487984,0.2817729,-0.294196427,2.423125,-0.453657985,0.178339511,2.27755761,0.195168316,-0.0634803548,2.46514654,-0.2540127,0.230799139,2.4331305,0.10970939,0.206978276,2.46705532,166,229,0,324,215,219,359,274,264,210,341,217
284,2024-08-09T16:56:42.8215292+03:30,13,-5,110,10,51,18,-17,90,-0.6179093,0.127124,2.129744,0.2817377,-0.29372254,2.42317176,-0.4520503,0.1806017,2.27979732,0.195146292,-0.0632469952,2.464924,-0.2539032,0.230806723,2.43202829,0.10998591,0.2070549,2.46671724,167,228,0,324,215,218,359,274,264,210,341,217
285,2024-08-09T16:56:42.8580433+03:30,19,-5,110,10,51,18,-17,90,-0.6178421,0.128010482,2.13365841,0.281688839,-0.2933918,2.42328048,-0.45059815,0.182278514,2.281776,0.195141926,-0.06308802,2.46468186,-0.253937,0.23067975,2.43081379,0.110122606,0.2069929,2.46603775,167,228,0,324,216,218,359,274,264,210,341,217
286,2024-08-09T16:56:42.8949271+03:30,20,-5,110,10,52,18,-17,90,-0.61767,0.128604978,2.13700175,0.28169167,-0.293966621,2.42261934,-0.449348181,0.1835889,2.283551,0.195128262,-0.06297888,2.46448135,-0.2539475,0.230591834,2.42977715,0.110233322,0.206962973,2.46547246,167,228,0,324,216,218,359,274,264,210,341,217
287,2024-08-09T16:56:42.9258648+03:30,23,-5,109,11,52,18,-17,90,-0.6189575,0.128786817,2.138799,0.281038851,-0.292888939,2.42056823,-0.449592382,0.184071645,2.28395438,0.194927216,-0.0622387454,2.46395969,-0.2539644,0.23053886,2.42892671,0.11036884,0.206929669,2.46499538,167,228,0,324,216,217,359,274,264,210,341,217
288,2024-08-09T16:56:42.9576581+03:30,27,-5,108,11,52,18,-17,90,-0.621195853,0.128568128,2.1395402,0.280308455,-0.292191684,2.41813064,-0.45086512,0.184061155,2.283407,0.194754526,-0.0616118461,2.46341038,-0.2539705,0.230502829,2.428162,0.1105095,0.206901014,2.46460223,167,228,0,324,216,217,359,274,264,210,341,217
289,2024-08-09T16:56:42.9902689+03:30,25,-5,107,11,53,18,-17,90,-0.622974932,0.12808013,2.14033413,0.2800379,-0.291936427,2.41621256,-0.45186308,0.184030384,2.28301787,0.19455044,-0.06118101,2.46276021,-0.254018158,0.230476022,2.42749739,0.110628009,0.206802949,2.464165,166,228,0,324,215,217,359,274,264,210,341,217
290,2024-08-09T16:56:43.0233145+03:30,27,-5,106,11,53,18,-17,90,-0.6244413,0.127782911,2.14085031,0.2796015,-0.2917745,2.41470218,-0.452756435,0.183899537,2.28273869,0.194419712,-0.0608471259,2.46210265,-0.254056543,0.2304279,2.42693067,0.110725746,0.206692055,2.46377516,166,228,0,324,215,217,359,274,264,210,341,217
291,2024-08-09T16:56:43.0589406+03:30,29,-5,106,11,53,18,-17,90,-0.6236706,0.128309071,2.14282,0.2789024,-0.291908,2.41379714,-0.451724023,0.184727848,2.28425145,0.194269374,-0.06073152,2.46146035,-0.25410977,0.23028554,2.42624283,0.110751927,0.206355557,2.46304846,166,228,0,324,216,217,359,274,264,210,341,217
292,2024-08-09T16:56:43.0907986+03:30,29,-5,105,11,53,18,-17,90,-0.6223788,0.1291054,2.14484262,0.278314143,-0.292266458,2.412669,-0.450474381,0.1855052,2.286349,0.194163933,-0.06065969,2.4609797,-0.2541872,0.230202451,2.42570353,0.110764436,0.20609419,2.46246147,167,228,0,324,216,217,359,274,264,210,341,217
293,2024-08-09T16:56:43.1226207+03:30,25,-6,105,12,54,18,-17,90,-0.621024966,0.130077943,2.146956,0.277751029,-0.291177928,2.41215181,-0.449103,0.1865772,2.288391,0.194040984,-0.0604066439,2.46055913,-0.2542304,0.230183214,2.4253304,0.11084383,0.205918729,2.46203017,167,228,0,323,216,217,359,274,264,210,341,217
294,2024-08-09T16:56:43.1542929+03:30,26,-6,104,11,54,18,-17,90,-0.620325744,0.130592823,2.149041,0.277055651,-0.290224582,2.412189,-0.448240429,0.187448427,2.29008222,0.193947852,-0.06017023,2.46025229,-0.2542688,0.230177566,2.42503643,0.110900126,0.205789328,2.461674,168,228,0,323,217,217,359,273,264,210,341,217
295,2024-08-09T16:56:43.1875349+03:30,26,-6,104,11,54,18,-17,90,-0.6200467,0.131270334,2.15082574,0.276503235,-0.289637268,2.412105,-0.44773525,0.188076571,2.29156113,0.19387731,-0.06000941,2.46005654,-0.254296243,0.230176285,2.4248178,0.110927254,0.205655649,2.46132922,168,228,0,323,217,217,359,273,264,210,341,217
296,2024-08-09T16:56:43.2235834+03:30,27,-6,104,11,54,18,-17,90,-0.6220665,0.1315103,2.15146613,0.2761021,-0.288770616,2.41334033,-0.4491054,0.187980965,2.29143715,0.193827391,-0.05989142,2.45991349,-0.254318774,0.230178341,2.42464352,0.110966183,0.2055464,2.4610548,167,228,0,323,217,217,359,273,264,210,341,217
297,2024-08-09T16:56:43.2538397+03:30,25,-6,105,11,55,18,-17,90,-0.623046458,0.132250085,2.15335369,0.276405722,-0.288596332,2.4135673,-0.449381053,0.188471913,2.292435,0.193781719,-0.05959271,2.45973778,-0.2542203,0.230153084,2.42445087,0.111112125,0.205514431,2.46094227,167,227,0,323,217,217,359,273,264,210,341,217
298,2024-08-09T16:56:43.2870708+03:30,31,-6,105,11,55,17,-17,90,-0.62378484,0.133047014,2.15521288,0.2767959,-0.2885871,2.41382933,-0.4494166,0.188904956,2.2934463,0.193752348,-0.05946438,2.459749,-0.2541887,0.230123088,2.42429781,0.111076266,0.205249369,2.460533,167,227,0,323,217,216,358,273,264,210,341,217
299,2024-08-09T16:56:43.3213374+03:30,32,-6,106,11,55,17,-17,90,-0.6242366,0.133748949,2.15696216,0.2770132,-0.2884008,2.41407156,-0.4492671,0.189363331,2.29442859,0.193721741,-0.0593206249,2.459729,-0.254097253,0.230162337,2.42423964,0.110992819,0.204915971,2.46008,167,227,0,323,217,216,358,273,264,210,341,217
300,2024-08-09T16:56:43.3513422+03:30,32,-6,106,11,55,17,-17,90,-0.6247182,0.134821966,2.15848327,0.277165771,-0.288757056,2.414798,-0.449116558,0.189716771,2.2953372,0.1937175,-0.0592278168,2.459759,-0.254065752,0.230235472,2.424245,0.110962413,0.204737857,2.459829,167,227,0,323,217,216,358,273,264,210,341,217
301,2024-08-09T16:56:43.3883330+03:30,33,-6,106,11,55,17,-17,90,-0.626837432,0.13554728,2.15868,0.277445227,-0.288887352,2.415941,-0.450596,0.189814016,2.29486418,0.193739921,-0.05934745,2.460038,-0.254052579,0.230310559,2.42428,0.110959418,0.204582259,2.45963836,167,227,0,323,216,216,358,273,264,210,341,217
302,2024-08-09T16:56:43.4187092+03:30,28,-6,107,11,56,17,-17,90,-0.6278984,0.136547044,2.15945888,0.2775943,-0.2886723,2.41655517,-0.45121932,0.190297931,2.29521227,0.193750441,-0.0594010651,2.46024346,-0.2540193,0.2304559,2.42437959,0.110943109,0.204399869,2.45944142,166,226,0,323,216,216,358,273,264,210,341,217
303,2024-08-09T16:56:43.4551362+03:30,28,-6,106,11,56,17,-17,90,-0.6281073,0.137735069,2.160573,0.27734834,-0.2892619,2.415679,-0.451080233,0.190863848,2.29606318,0.193750679,-0.0594359264,2.46039081,-0.254018247,0.230561733,2.424462,0.110782385,0.204061359,2.459045,166,226,0,323,216,216,358,273,264,210,341,217
304,2024-08-09T16:56:43.4891575+03:30,27,-6,102,10,56,17,-18,90,-0.6276654,0.1389033,2.161837,0.277438343,-0.290142357,2.41953635,-0.450446069,0.191563919,2.297219,0.19376421,-0.0599813834,2.460698,-0.2540458,0.2306376,2.42455029,0.110537961,0.203614175,2.45858669,167,226,0,323,216,216,358,273,264,210,341,217
305,2024-08-09T16:56:43.5215354+03:30,27,-6,101,10,56,17,-18,91,-0.6274579,0.139846459,2.16295981,0.2773396,-0.290611327,2.42254448,-0.450075954,0.19213137,2.2982316,0.193713143,-0.0605656877,2.46113682,-0.254104584,0.230715588,2.42467427,0.11035905,0.203162909,2.4582057,167,226,0,323,217,216,358,274,264,210,341,217
306,2024-08-09T16:56:43.5548474+03:30,26,-6,108,10,56,17,-17,91,-0.6273295,0.140567049,2.16388726,0.277439743,-0.2912042,2.42493343,-0.44990772,0.192435876,2.29923964,0.193420157,-0.06200422,2.46337247,-0.254148632,0.2307722,2.42478037,0.11032778,0.202882484,2.45810342,167,225,0,323,217,216,358,274,264,210,341,217
307,2024-08-09T16:56:43.5906090+03:30,25,-6,107,11,56,17,-17,92,-0.627348,0.141167358,2.16473341,0.277403951,-0.291412771,2.42720771,-0.449819684,0.192657143,2.30005383,0.193078384,-0.06393142,2.46570158,-0.254185855,0.230809137,2.424866,0.110280134,0.202538073,2.457992,167,225,0,323,217,216,358,274,264,210,341,217
308,2024-08-09T16:56:43.6238709+03:30,25,-6,107,12,56,17,-17,92,-0.627956152,0.14153865,2.16507125,0.2772251,-0.29247725,2.425763,-0.450193822,0.192717329,2.30014825,0.192928433,-0.06533121,2.46648216,-0.254235268,0.230839923,2.424978,0.110227704,0.202283412,2.45790386,167,225,0,323,217,216,358,275,264,210,341,217
309,2024-08-09T16:56:43.6580482+03:30,25,-5,106,12,56,17,-17,92,-0.6282558,0.141762137,2.16563082,0.27706936,-0.293272763,2.4246676,-0.450314283,0.192792356,2.30047727,0.192732081,-0.0660970658,2.46688032,-0.254281521,0.230886862,2.425103,0.110355243,0.202204332,2.45813,167,225,0,324,217,216,358,275,264,210,341,218
310,2024-08-09T16:56:43.6891003+03:30,26,-5,106,13,56,17,-17,92,-0.62830323,0.141946584,2.16626215,0.276850134,-0.293532073,2.42313266,-0.450209975,0.192892164,2.30089259,0.192707434,-0.0670976862,2.46733642,-0.254326433,0.2309199,2.425211,0.110451326,0.202087477,2.4582994,167,225,0,324,217,216,358,275,264,210,341,218
